Time,"T° Read 2:485/20,528/20",A1,A2,A3,A4,A5,A6,A7,A8,A9,A10,A11,A12,B1,B2,B3,B4,B5,B6,B7,B8,B9,B10,B11,B12,C1,C2,C3,C4,C5,C6,C7,C8,C9,C10,C11,C12,D1,D2,D3,D4,D5,D6,D7,D8,D9,D10,D11,D12,E1,E2,E3,E4,E5,E6,E7,E8,E9,E10,E11,E12,F1,F2,F3,F4,F5,F6,F7,F8,F9,F10,F11,F12,G1,G2,G3,G4,G5,G6,G7,G8,G9,G10,G11,G12,H1,H2,H3,H4,H5,H6,H7,H8,H9,H10,H11,H12
0:08:35,37,12923,12399,12185,12260,12335,12267,12277,12307,11237,12158,11778,12948,12631,5159,5056,5105,9600,9687,12706,13419,9567,8627,11532,12673,12519,5439,4903,4883,8864,8619,11395,12076,9286,9135,11215,12605,12611,5018,4864,4888,8506,8552,11307,11783,8731,8916,10883,12782,12601,5175,4861,4930,8355,8643,10985,11624,8777,8816,10999,12858,12743,4919,4916,11125,10827,11179,10826,10986,10860,11275,11326,12855,13033,5106,4938,10968,10788,10790,10617,10837,10977,11164,11713,13276,13362,13689,13200,12762,13084,12974,12987,13726,12825,12990,12774,13566
0:18:35,36.9,12897,12360,12229,12202,12265,12214,12254,12282,11242,12099,11782,12871,12607,5205,5085,5124,9600,9765,12653,13521,9505,8597,11426,12607,12494,5744,5038,5105,9627,9703,12813,13148,9626,9989,11577,12667,12614,5187,5099,5068,9460,9532,12838,13370,9548,9700,11705,12766,12566,5258,5055,5135,9297,9577,12299,13154,9748,9740,11719,12844,12711,4973,5107,12125,11833,12142,11852,12172,12049,12297,11646,12871,13030,5137,5084,11830,11732,11777,11660,11874,11865,11894,11686,13200,13302,13576,13216,12685,13104,12896,12887,13650,12746,12961,12775,13464
0:28:35,37,12869,12285,12204,12182,12267,12147,12160,12278,11190,12129,11755,12761,12527,5281,5049,5149,9665,9823,12741,13623,9512,8654,11485,12510,12449,5776,5111,5152,9584,9819,12816,13211,9628,10033,11569,12585,12619,5169,5102,5136,9428,9617,12935,13385,9584,9709,11698,12716,12571,5266,5083,5207,9264,9652,12584,13245,9698,9707,11617,12835,12616,5022,5090,12261,11998,12448,12088,12174,12027,12321,11633,12845,12961,5156,5053,11849,11725,11741,11726,11892,11906,11851,11636,13135,13254,13521,13120,12710,12994,12894,12966,13675,12772,12883,12741,13472
0:38:35,36.9,12753,12283,12128,12168,12245,12194,12162,12239,11200,12115,11683,12787,12495,5366,5052,5132,9656,9932,12765,13601,9479,8693,11464,12549,12457,5898,5137,5136,9611,9919,12851,13331,9624,10076,11509,12560,12558,5153,5118,5181,9455,9714,12945,13583,9588,9606,11657,12731,12595,5262,5079,5283,9239,9749,12551,13325,9649,9688,11619,12772,12670,5016,5093,12216,12020,12422,12058,12173,12028,12298,11584,12811,12920,5157,5037,11766,11667,11717,11667,11836,11851,11825,11615,13144,13182,13559,13141,12711,13031,12865,12855,13669,12753,12868,12717,13440
0:48:35,37,12725,12199,11996,12098,12088,12084,12038,12162,11134,11942,11609,12619,12375,5439,5060,5117,9618,9914,12709,13662,9411,8664,11343,12470,12310,6055,5108,5121,9577,9939,12765,13318,9547,10091,11455,12461,12497,5132,5116,5144,9420,9709,12912,13547,9567,9627,11585,12635,12476,5225,5011,5312,9205,9804,12431,13427,9660,9636,11600,12736,12554,5013,5073,12145,11887,12319,11983,12070,11991,12103,11542,12710,12878,5185,5020,11718,11566,11676,11569,11800,11743,11738,11563,13031,13108,13466,13046,12607,12919,12779,12802,13567,12642,12800,12573,13399
0:58:35,37,12583,12126,11904,11994,12079,12030,12038,12072,11006,11880,11525,12591,12412,5653,5124,5179,9690,10023,12749,13678,9376,8746,11363,12432,12297,6216,5173,5102,9579,10007,12899,13483,9482,10157,11444,12419,12413,5131,5110,5236,9327,9805,13048,13728,9503,9591,11591,12594,12443,5206,5025,5375,9186,9892,12416,13692,9612,9659,11513,12602,12511,5072,5063,12084,11801,12276,11922,12084,11938,12174,11505,12615,12844,5251,5039,11691,11552,11617,11539,11779,11771,11764,11613,12993,13127,13379,13007,12566,12950,12789,12811,13576,12664,12786,12656,13264
1:08:35,37,12654,12201,12090,12123,12118,12084,12073,12160,11085,11973,11591,12645,12448,6138,5216,5217,9798,10298,13029,14046,9409,8872,11425,12546,12396,6572,5287,5206,9611,10306,13088,13742,9643,10394,11520,12555,12493,5199,5112,5339,9401,10024,13273,14009,9564,9652,11596,12722,12512,5250,5076,5507,9313,10156,12466,13984,9693,9652,11596,12740,12601,5232,5092,12189,11954,12378,12038,12174,11975,12234,11589,12740,12915,5372,5089,11826,11629,11725,11578,11810,11835,11792,11588,13060,13124,13484,13112,12658,12976,12795,12813,13570,12676,12808,12648,13389
1:18:35,37,12645,12135,12033,12075,12120,12004,12064,12127,11100,11976,11545,12588,12417,6212,5299,5322,9943,10500,13069,14241,9478,8978,11424,12417,12345,6872,5364,5235,9626,10531,13196,13994,9561,10546,11469,12563,12428,5145,5119,5411,9421,10158,13351,14380,9550,9616,11633,12692,12466,5260,5079,5686,9287,10322,12469,14267,9651,9700,11612,12691,12582,5309,5084,12153,11942,12398,12056,12163,12021,12245,11495,12720,12874,5468,5073,11746,11630,11683,11586,11837,11782,11778,11575,13047,13112,13469,13090,12620,12959,12801,12885,13683,12653,12853,12593,13290
1:28:35,37,12521,12142,12001,12010,12095,12020,12006,12057,11066,11891,11560,12559,12382,6723,5381,5340,9994,10777,13200,14447,9486,9167,11337,12408,12360,7439,5447,5329,9625,10805,13342,14238,9577,10727,11484,12469,12399,5179,5151,5509,9385,10362,13429,14716,9546,9680,11600,12655,12377,5215,5070,5811,9225,10513,12456,14605,9641,9670,11551,12679,12515,5365,5078,12148,11882,12350,11971,12118,11990,12168,11500,12641,12800,5572,5061,11736,11553,11685,11620,11786,11770,11794,11567,13016,13091,13520,13061,12572,12926,12782,12849,13605,12619,12802,12597,13293
1:38:35,37,12482,12053,11942,11926,12001,11933,11985,12037,10928,11796,11448,12459,12345,7221,5434,5407,10025,11149,13320,14836,9402,9275,11298,12369,12313,8073,5621,5383,9593,11171,13455,14627,9501,10863,11455,12413,12340,5156,5082,5644,9387,10562,13600,15195,9492,9581,11546,12573,12399,5228,5012,6045,9213,10779,12423,14869,9623,9654,11566,12652,12450,5456,5052,12073,11816,12337,11943,12034,11934,12125,11501,12631,12748,5635,5006,11649,11564,11638,11533,11781,11750,11681,11515,12964,12963,13389,12979,12540,12827,12680,12809,13556,12610,12731,12579,13203
1:48:35,37,12434,12056,11850,11888,12013,11894,11919,11919,10889,11755,11374,12423,12293,8094,5572,5495,10108,11702,13436,15484,9407,9542,11322,12339,12287,8860,5708,5444,9514,11634,13646,15374,9514,11187,11372,12433,12356,5100,5111,5796,9343,10840,13762,15952,9487,9581,11523,12525,12339,5196,5046,6140,9238,10918,12368,15107,9633,9614,11471,12612,12428,5565,5033,12102,11795,12291,11878,12044,11890,12138,11501,12613,12720,5786,5008,11710,11490,11595,11500,11742,11694,11666,11563,12932,12898,13338,12933,12498,12843,12693,12755,13452,12580,12710,12520,13138
1:58:35,37,12394,12018,11858,11908,12031,11895,11861,11974,10872,11745,11393,12389,12321,8733,5751,5627,10316,12521,13672,16306,9411,9855,11265,12299,12296,9883,5921,5556,9607,12425,13997,16232,9480,11623,11393,12409,12336,5167,5101,6024,9337,11344,14094,16965,9499,9611,11552,12571,12300,5222,5049,6357,9193,11233,12423,15533,9613,9606,11544,12559,12418,5719,5090,12125,11818,12288,11877,12042,11921,12196,11451,12574,12705,6064,5036,11686,11573,11664,11554,11728,11650,11723,11503,12975,12974,13373,12898,12574,12843,12755,12759,13476,12570,12693,12541,13191
2:08:35,37,12406,12089,11934,11937,11996,11964,11937,12010,10932,11756,11437,12447,12367,9394,5976,5829,10611,13402,14066,17311,9427,10480,11400,12406,12306,11325,6191,5745,9667,13351,14411,17200,9626,12316,11509,12458,12406,5207,5186,6412,9427,12109,14494,17981,9538,9639,11666,12614,12422,5248,5088,6657,9276,11548,12530,16148,9643,9661,11577,12677,12509,6046,5108,12166,11893,12409,12039,12142,11980,12202,11537,12693,12756,6378,5038,11732,11619,11703,11610,11853,11756,11797,11602,12973,12967,13433,12998,12585,12913,12822,12818,13527,12675,12788,12612,13219
2:18:35,37,12444,12084,11932,12005,12025,11954,11959,11999,10934,11797,11477,12431,12348,11272,6284,5997,10970,14458,14425,18372,9463,11196,11361,12447,12339,12999,6501,5894,9667,14358,14732,18307,9617,13131,11522,12502,12468,5224,5220,6796,9439,12949,14699,19375,9600,9691,11665,12672,12391,5293,5075,6866,9261,11879,12588,16639,9685,9718,11588,12716,12468,6269,5102,12229,11932,12416,12049,12152,12064,12286,11562,12715,12822,6654,5048,11792,11625,11751,11620,11864,11860,11768,11603,12993,13012,13441,13101,12626,12947,12811,12855,13621,12741,12843,12613,13304
2:28:35,37,12437,12028,11920,11941,11978,11976,11933,11983,10903,11747,11378,12373,12294,12412,6555,6263,11182,15774,14701,19618,9452,11908,11367,12375,12304,14957,6864,6136,9704,15669,15124,19716,9540,13984,11518,12469,12404,5199,5233,7350,9461,13796,14708,21030,9559,9624,11628,12605,12380,5258,5080,7127,9280,12359,12519,17286,9656,9689,11619,12692,12474,6530,5132,12179,11888,12439,12018,12152,12032,12213,11565,12726,12737,6939,5081,11699,11621,11704,11595,11843,11769,11735,11551,12997,12953,13434,12993,12611,12884,12823,12850,13554,12716,12794,12619,13187
2:38:35,37,12372,12057,11879,11994,11952,11894,11868,11939,10905,11782,11413,12370,12311,13975,6864,6526,11498,17391,15066,21351,9439,12757,11372,12333,12253,17070,7283,6412,9638,17233,15517,21406,9620,15019,11460,12430,12377,5174,5270,8098,9451,14944,14841,22840,9598,9652,11673,12617,12353,5254,5072,7448,9240,12823,12501,17894,9685,9677,11611,12668,12493,6836,5106,12175,11910,12321,12038,12133,12001,12255,11552,12704,12716,7261,5051,11791,11618,11723,11574,11771,11792,11744,11560,12979,12917,13436,13054,12597,12950,12826,12808,13651,12663,12791,12549,13216
2:48:35,37,12337,12044,11887,11961,11924,11919,11876,11972,10849,11787,11406,12407,12345,15851,7121,7043,11832,18975,15582,23206,9469,13893,11399,12407,12325,19288,7810,6867,9691,19057,16105,23424,9585,16406,11484,12476,12429,5202,5337,8897,9442,16432,15177,25026,9633,9708,11628,12645,12413,5253,5116,7972,9304,13358,12548,18388,9679,9689,11622,12635,12442,7185,5136,12183,11957,12433,12064,12107,12009,12236,11613,12750,12701,7721,5081,11830,11678,11712,11652,11862,11774,11812,11621,12950,12956,13438,13009,12599,12906,12849,12806,13548,12639,12833,12690,13212
2:58:35,37,12360,12004,11842,11977,11978,11897,11897,11969,10837,11716,11370,12355,12252,17910,7555,7676,12351,21026,16143,25392,9479,15296,11381,12447,12327,22006,8415,7397,9741,20977,16655,25489,9604,18053,11518,12409,12418,5180,5411,9903,9455,18077,15404,27247,9585,9715,11699,12665,12351,5291,5095,8412,9320,14001,12507,18975,9697,9674,11650,12621,12484,7646,5132,12183,11949,12416,12062,12130,12037,12249,11570,12678,12725,8098,5061,11813,11662,11758,11659,11869,11816,11754,11580,13004,12922,13400,13030,12569,12942,12788,12798,13616,12636,12805,12644,13187
3:08:35,37,12194,11970,11791,11841,11950,11881,11817,11890,10781,11645,11320,12256,12283,20490,7931,8378,12747,23017,16457,27551,9465,16591,11312,12369,12238,25049,8809,8103,9679,22987,16934,27650,9552,19732,11435,12420,12365,5231,5449,11215,9359,19789,15618,29415,9541,9641,11539,12548,12251,5290,5092,9062,9227,14382,12492,19474,9618,9642,11535,12607,12407,7947,5092,12165,11875,12308,11967,12101,11942,12131,11520,12569,12652,8337,5040,11767,11565,11698,11521,11784,11743,11720,11486,12899,12817,13366,12972,12537,12859,12731,12750,13495,12611,12716,12556,13135
3:18:35,37,12181,11855,11740,11795,11838,11816,11813,11806,10776,11603,11229,12208,12186,23059,8170,9189,13148,25279,16728,29974,9369,18308,11271,12267,12177,28178,9262,8878,9605,25283,17131,30008,9556,21711,11389,12370,12286,5161,5546,12677,9374,21820,15761,31913,9475,9706,11591,12555,12200,5221,5077,9392,9304,14842,12453,20123,9596,9630,11558,12577,12293,8167,5109,12111,11901,12315,11957,12098,11921,12102,11490,12567,12599,8671,5022,11797,11545,11588,11545,11765,11774,11685,11471,12881,12747,13324,12914,12507,12861,12737,12715,13496,12657,12677,12484,13135
3:28:35,37,12084,11884,11685,11795,11800,11707,11702,11742,10683,11589,11200,12114,12115,25408,8462,10261,13369,27556,16852,32550,9352,20075,11269,12225,12190,31236,9752,9873,9599,27583,16927,32433,9535,23805,11357,12345,12232,5161,5608,14451,9356,23825,15901,34413,9525,9643,11533,12464,12181,5238,5023,9859,9251,15441,12444,20829,9623,9618,11590,12499,12309,8507,5106,12086,11822,12244,11900,12049,11947,12128,11490,12538,12546,8945,5026,11652,11586,11630,11533,11732,11725,11685,11445,12850,12726,13253,12917,12495,12759,12692,12661,13424,12505,12665,12469,13071
3:38:35,37,12051,11834,11637,11713,11789,11678,11660,11720,10647,11450,11164,12040,12039,28462,8697,11691,13138,30270,16731,34940,9316,21939,11202,12154,12117,34214,10245,11135,9544,30456,17078,35063,9475,26258,11346,12274,12190,5132,5697,16398,9383,26144,15819,37257,9449,9662,11519,12409,12184,5243,5039,10404,9183,16010,12341,21318,9537,9576,11477,12479,12253,8746,5081,12095,11795,12265,11913,12042,11868,12077,11439,12517,12446,9141,5011,11663,11498,11602,11475,11658,11634,11614,11407,12731,12675,13260,12848,12406,12824,12603,12613,13433,12435,12628,12457,12992
3:48:35,37,12083,11822,11715,11765,11744,11688,11738,11695,10683,11534,11177,12117,12190,30975,9110,13340,13416,33468,16940,38143,9374,24151,11230,12252,12127,37361,10990,12731,9602,33674,17272,38486,9506,28726,11373,12307,12240,5202,5866,18783,9405,28592,15754,40599,9541,9674,11535,12462,12244,5217,5057,11053,9223,16682,12392,21844,9616,9599,11524,12523,12232,8980,5091,12088,11794,12265,11877,12041,11916,12150,11482,12565,12550,9520,5076,11805,11561,11678,11541,11748,11716,11713,11498,12870,12737,13267,12916,12453,12816,12650,12717,13419,12618,12682,12477,13062
3:58:35,37,12047,11878,11760,11881,11863,11771,11757,11811,10683,11594,11257,12163,12233,34030,9387,15533,13715,37178,17213,41795,9376,26648,11253,12330,12253,40877,11737,14634,9664,37414,17612,42061,9648,32100,11424,12421,12333,5254,6102,21640,9465,31888,15922,44610,9596,9819,11661,12575,12292,5302,5072,11892,9336,17501,12496,22616,9715,9676,11552,12610,12343,9280,5129,12192,11941,12394,12054,12153,12017,12230,11581,12615,12610,9773,5118,11786,11614,11723,11623,11872,11810,11782,11618,12886,12811,13422,13004,12511,12904,12773,12788,13591,12659,12772,12591,13147
4:08:35,37,12104,11998,11852,11883,11976,11856,11852,11907,10779,11661,11287,12169,12314,37279,9759,17627,13960,40794,17473,45522,9517,29626,11443,12323,12335,44493,12477,16776,9776,41184,17864,45981,9620,35647,11566,12569,12394,5252,6418,24932,9540,35343,16137,48627,9616,9896,11733,12650,12360,5355,5144,12670,9432,18187,12617,23179,9813,9740,11707,12718,12455,9625,5184,12300,12052,12477,12102,12284,12103,12380,11662,12771,12656,10086,5173,11904,11805,11828,11716,11953,11942,11860,11679,12996,12877,13470,13069,12649,13003,12842,12881,13638,12752,12827,12644,13170
4:18:35,37,12159,12021,11875,11969,11962,11870,11827,11939,10804,11676,11300,12238,12350,39995,9994,20086,14147,44263,17708,49368,9546,32549,11390,12368,12351,48307,13071,19119,9776,44835,17942,49702,9711,39378,11609,12574,12444,5322,6701,28204,9601,38817,16726,52606,9710,10001,11787,12770,12390,5364,5190,13239,9369,18710,12685,23563,9772,9860,11784,12737,12496,9895,5184,12353,12109,12510,12171,12331,12208,12389,11727,12805,12714,10403,5162,11948,11797,11861,11741,12020,11948,11933,11771,13062,12936,13523,13132,12682,13041,12945,12939,13679,12799,12899,12683,13261
4:28:35,37,12217,12035,11924,11972,12010,11898,11867,11913,10859,11793,11334,12255,12336,43128,10219,23044,14249,48183,17801,53406,9544,35645,11487,12504,12421,51699,13533,21957,9816,48677,18200,53691,9717,43223,11668,12566,12458,5323,6967,31487,9646,42368,17233,56625,9702,10078,11811,12727,12467,5383,5209,13845,9466,19195,12733,23895,9876,9866,11821,12760,12522,10180,5203,12376,12122,12532,12238,12287,12194,12454,11730,12780,12768,10748,5183,11941,11830,11948,11798,12044,11961,11931,11763,13098,12967,13565,13199,12736,13068,12946,12978,13692,12808,12941,12768,13235
4:38:35,37,12194,12113,11946,12056,12060,11991,11963,11930,10869,11776,11399,12284,12448,47192,10526,26285,14505,52043,17971,57545,9625,39047,11529,12535,12465,55281,14068,25177,9863,52787,18366,57621,9789,47420,11748,12668,12593,5380,7301,34943,9651,46169,17632,60925,9828,10247,11933,12859,12481,5432,5254,14322,9472,19666,12808,24360,9923,9972,11908,12959,12594,10580,5274,12484,12273,12686,12356,12479,12358,12595,11868,12917,12873,11094,5208,12031,11891,12037,11936,12197,12054,12097,11852,13189,12970,13618,13284,12838,13193,13051,13045,13844,12855,12998,12793,13361
4:48:35,37,12341,12189,12093,12174,12197,12074,12016,12050,10925,11835,11465,12369,12559,49685,10942,29759,14689,56376,18190,62052,9740,42597,11677,12666,12602,59394,14409,28766,10003,57103,18514,62187,9880,51928,11870,12816,12677,5427,7760,38541,9764,50556,17696,65540,9934,10447,12013,12963,12637,5484,5292,14798,9627,20098,12970,24856,10021,10012,12013,12987,12703,10844,5322,12684,12347,12873,12435,12559,12478,12657,11988,13071,12938,11308,5286,12175,12030,12173,12048,12247,12280,12235,11995,13337,13042,13785,13429,12945,13260,13163,13199,14076,13057,13202,12973,13445
4:58:35,37,12421,12318,12177,12230,12294,12129,12134,12216,11094,11972,11592,12462,12683,53688,11298,33339,14939,60296,18451,66660,9839,46551,11759,12800,12738,63194,14947,32396,10077,61111,18796,66584,10039,56667,12008,12954,12823,5462,8250,42675,9869,54840,17874,70040,10030,10641,12160,13123,12766,5553,5323,15214,9749,20556,13106,25359,10088,10201,12143,13155,12803,11139,5351,12823,12452,13014,12610,12753,12625,12833,12153,13164,13106,11518,5348,12359,12204,12270,12138,12410,12418,12354,12112,13462,13201,13899,13570,13090,13466,13324,13361,14104,13156,13314,13057,13652
5:08:35,37,12469,12386,12242,12366,12348,12241,12214,12236,11101,12105,11662,12581,12766,56977,11507,36764,15080,64206,18656,70785,9889,50368,11850,12853,12763,66856,15261,35869,10207,65181,18934,70650,10090,61139,12044,13063,12880,5531,8615,46734,9961,58814,18442,74165,10048,10828,12307,13206,12832,5600,5392,15676,9827,20979,13169,25843,10211,10283,12250,13259,12828,11296,5436,12866,12561,13063,12672,12856,12691,12928,12197,13271,13166,11750,5370,12423,12301,12328,12232,12529,12473,12404,12236,13581,13285,14049,13659,13158,13653,13407,13442,14277,13286,13412,13198,13685
5:18:35,37,12545,12453,12272,12406,12358,12272,12251,12361,11099,12099,11687,12549,12845,59337,11620,40072,15126,67716,18725,74956,9926,53829,11875,12945,12880,70367,15652,39364,10273,68610,19107,74570,10120,65171,12160,13033,12971,5536,8901,50544,10021,62484,18620,78071,10095,11088,12344,13257,12907,5644,5431,15973,9906,21262,13245,26182,10306,10327,12331,13337,12955,11424,5458,12960,12694,13150,12768,12888,12762,12958,12336,13344,13239,11825,5388,12527,12397,12442,12320,12578,12571,12527,12289,13623,13331,14059,13706,13284,13637,13517,13529,14384,13409,13491,13244,13745
5:28:35,37,12564,12537,12415,12505,12532,12372,12283,12400,11231,12199,11781,12629,12905,63297,11813,43580,15314,71189,18964,79311,10002,57401,12020,13094,12960,74035,16017,43089,10291,72177,19240,78707,10227,69213,12259,13244,13065,5646,9200,54323,10106,65875,18699,82183,10258,11340,12436,13390,13033,5690,5495,16432,9925,21790,13305,26539,10386,10426,12382,13448,13058,11546,5502,13042,12766,13297,12893,13036,12921,13184,12405,13483,13302,11909,5459,12658,12512,12621,12452,12692,12644,12638,12364,13719,13422,14199,13796,13431,13728,13556,13630,14392,13454,13591,13373,13906
5:38:35,37,12680,12643,12527,12651,12604,12486,12384,12498,11311,12293,11887,12674,13025,65502,11973,47554,15480,74866,19124,83610,10147,60958,12149,13154,13024,77585,16499,46866,10416,76232,19453,82761,10291,73551,12373,13355,13226,5669,9515,58233,10161,69529,19024,86352,10339,11694,12592,13544,13154,5729,5534,16835,10059,22205,13513,26925,10492,10562,12578,13534,13225,11792,5569,13228,12923,13428,13000,13158,12995,13254,12537,13549,13471,12143,5531,12774,12675,12707,12607,12763,12825,12748,12502,13903,13524,14376,13997,13502,13853,13747,13777,14581,13607,13767,13564,14001
5:48:35,37,12701,12699,12568,12687,12644,12618,12506,12596,11340,12380,12003,12777,13086,68339,12210,51456,15630,78506,19296,88301,10165,64302,12222,13164,13228,81204,16837,51008,10478,79713,19602,86816,10331,77522,12471,13449,13306,5732,9755,61851,10238,72829,19100,90201,10431,12031,12716,13641,13248,5789,5600,17190,10170,22629,13560,27311,10620,10640,12673,13658,13216,11887,5636,13256,13028,13487,13119,13202,13147,13373,12646,13660,13507,12311,5554,12847,12720,12804,12697,12910,12819,12821,12635,13936,13567,14430,14039,13641,13928,13801,13864,14684,13692,13835,13563,14153
5:58:35,37,12756,12723,12595,12688,12667,12567,12513,12578,11389,12354,11971,12832,13135,71885,12292,54961,15752,81397,19420,91595,10275,67540,12249,13305,13221,84179,17183,54715,10496,82774,19756,90317,10438,81443,12528,13532,13332,5729,9990,65340,10341,75859,19152,93855,10445,12489,12789,13707,13239,5821,5628,17519,10148,23008,13618,27632,10569,10708,12739,13732,13309,11965,5611,13359,13072,13574,13173,13290,13178,13410,12659,13763,13574,12428,5596,12923,12765,12855,12751,12957,12988,12944,12679,14037,13629,14502,14065,13627,13979,13887,13898,14688,13750,13946,13623,14111
6:08:35,37,12772,12793,12709,12809,12775,12669,12537,12676,11421,12488,12056,12895,13228,74896,12432,58657,15933,85176,19623,95756,10361,70903,12438,13400,13277,87505,17561,58453,10614,86283,19908,94288,10431,85496,12643,13637,13421,5790,10265,68836,10375,79322,19350,OVRFLW,10514,13095,12818,13800,13370,5927,5666,17916,10257,23259,13733,27863,10656,10852,12810,13787,13397,12100,5734,13456,13195,13616,13291,13434,13303,13564,12821,13817,13706,12590,5655,13081,12860,12988,12828,13150,13091,13000,12791,14142,13723,14600,14271,13742,14161,13980,13963,14936,13845,14005,13762,14272
6:18:35,37,12889,12872,12776,12853,12844,12744,12648,12742,11497,12507,12100,12933,13338,77520,12593,62492,16044,88762,19864,OVRFLW,10436,73710,12468,13443,13363,90476,17986,62113,10651,89611,20126,OVRFLW,10524,89356,12722,13651,13595,5858,10484,72367,10470,82418,19496,OVRFLW,10607,14058,12889,13920,13495,5931,5713,18269,10346,23809,13863,28005,10790,10920,12945,13898,13527,12304,5725,13550,13269,13815,13418,13512,13401,13684,12910,13962,13771,12776,5699,13095,12924,13025,12925,13181,13152,13129,12858,14281,13822,14730,14340,13886,14292,14110,14154,15024,13944,14093,13888,14294
6:28:35,37,12903,12958,12832,12909,12932,12818,12724,12745,11546,12565,12154,12984,13371,80129,12682,65970,16236,92153,19991,OVRFLW,10506,77365,12602,13515,13479,93270,18151,65777,10710,92948,20300,OVRFLW,10638,92803,12869,13760,13651,5920,10716,75631,10484,85653,19430,OVRFLW,10672,15039,13024,13972,13542,5980,5763,18578,10358,23988,13892,28213,10829,11018,13022,13997,13546,12394,5765,13618,13368,13872,13473,13577,13495,13707,12999,14025,13816,12884,5740,13228,13047,13152,13008,13264,13265,13191,13019,14280,13863,14778,14418,13888,14258,14165,14196,15005,14021,14186,13949,14376
6:38:35,37,12955,12990,12860,12960,12946,12763,12742,12812,11576,12605,12187,12957,13402,83853,12856,69368,16275,94787,20162,OVRFLW,10518,80177,12627,13541,13455,95924,18298,69108,10765,96264,20472,OVRFLW,10690,96509,12835,13834,13649,5922,10830,78787,10571,88677,19078,OVRFLW,10705,16253,12988,13958,13609,6006,5819,18732,10438,24171,13936,28279,10905,11134,13072,14106,13605,12510,5818,13700,13395,13929,13520,13626,13570,13783,13044,14138,13944,12860,5780,13261,13159,13240,13092,13306,13357,13223,12984,14397,13923,14867,14498,13955,14368,14259,14270,15164,14074,14259,14024,14459
6:48:35,37,12945,13031,12886,12998,12982,12870,12741,12865,11633,12686,12223,12990,13488,84394,12927,72586,16367,OVRFLW,20301,OVRFLW,10600,83571,12761,13681,13546,OVRFLW,18495,72464,10807,OVRFLW,20500,OVRFLW,10737,OVRFLW,12925,13913,13756,5974,10966,81809,10608,91377,19644,OVRFLW,10769,17788,13167,14101,13656,6083,5838,18920,10466,24332,13976,28531,10993,11234,13167,14187,13688,12669,5841,13779,13525,14019,13578,13713,13639,13930,13156,14163,13915,13044,5785,13369,13172,13331,13127,13445,13468,13364,13113,14473,13945,14920,14593,14109,14510,14345,14368,15174,14121,14331,14054,14554
6:58:35,37,13020,13133,12987,13050,13068,12897,12803,12922,11660,12663,12245,13076,13549,87536,13052,75932,16531,OVRFLW,20393,OVRFLW,10651,86352,12771,13723,13638,OVRFLW,18589,75817,10866,OVRFLW,20659,OVRFLW,10794,OVRFLW,13033,13972,13801,6005,11103,84858,10691,94564,19733,OVRFLW,10779,19784,13234,14220,13664,6053,5873,19104,10576,24567,14090,28783,11097,11339,13237,14190,13743,12761,5873,13873,13611,14122,13699,13818,13709,13890,13221,14252,14031,13133,5822,13431,13265,13370,13218,13527,13448,13459,13183,14522,13982,15009,14603,14178,14591,14416,14407,15263,14243,14461,14170,14633
7:08:35,37,12928,13050,12872,12996,13112,12938,12808,12878,11639,12683,12230,13034,13479,88021,13070,78631,16554,OVRFLW,20425,OVRFLW,10663,88607,12705,13743,13631,OVRFLW,18642,78586,10851,OVRFLW,20726,OVRFLW,10811,OVRFLW,12996,13920,13804,5990,11147,87385,10640,96952,19528,OVRFLW,10843,21786,13218,14206,13688,6094,5878,19099,10551,24566,14049,28762,11060,11383,13208,14255,13705,12798,5896,13892,13570,14148,13663,13797,13750,13956,13215,14264,13994,13159,5828,13420,13260,13367,13234,13537,13463,13477,13164,14512,13986,14981,14680,14128,14506,14321,14429,15288,14272,14415,14147,14582
7:18:35,37,12992,13141,12983,13124,13149,13007,12905,12911,11704,12745,12347,13054,13643,90322,13220,82134,16710,OVRFLW,20526,OVRFLW,10710,91509,12832,13778,13722,OVRFLW,18930,82389,10943,OVRFLW,20886,OVRFLW,10899,OVRFLW,13064,14040,13897,6075,11318,90285,10724,OVRFLW,19708,OVRFLW,10953,24146,13356,14343,13803,6154,5938,19317,10623,24860,14146,29112,11100,11604,13358,14373,13872,12947,5959,13927,13702,14206,13819,13960,13803,14058,13358,14361,14049,13256,5855,13551,13405,13440,13310,13649,13599,13517,13319,14650,14064,15124,14729,14317,14657,14508,14503,15439,14332,14473,14245,14665
7:28:35,37,12959,13232,13072,13126,13164,12997,12848,12946,11673,12813,12399,13065,13629,92301,13278,84999,16756,OVRFLW,20673,OVRFLW,10817,93933,12903,13776,13706,OVRFLW,18944,85325,10938,OVRFLW,21009,OVRFLW,10956,OVRFLW,13184,14134,13826,6076,11379,92920,10775,OVRFLW,19849,OVRFLW,10943,26592,13367,14372,13804,6143,5997,19493,10722,25007,14262,29263,11161,11785,13400,14376,13869,12948,5933,14104,13770,14202,13891,13994,13836,14228,13424,14387,14121,13373,5902,13595,13386,13544,13423,13620,13655,13679,13381,14740,14090,15190,14800,14276,14678,14564,14552,15477,14440,14517,14311,14742
7:38:35,37,12930,13160,13013,13173,13110,12985,12888,12887,11673,12752,12287,13014,13641,94021,13359,87512,16818,OVRFLW,20733,OVRFLW,10741,95967,12850,13855,13772,OVRFLW,18868,87565,10992,OVRFLW,21016,OVRFLW,10886,OVRFLW,13118,14058,13854,6096,11420,94949,10753,OVRFLW,19794,OVRFLW,10958,29065,13349,14302,13807,6187,5992,19414,10683,25017,14194,29314,11135,11813,13346,14333,13853,12956,5979,13998,13746,14205,13823,13946,13892,14131,13296,14421,14086,13415,5894,13591,13320,13482,13408,13624,13650,13661,13335,14675,14040,15098,14751,14234,14640,14520,14480,15358,14337,14526,14339,14775
7:48:35,37,12933,13130,12954,13094,13159,12893,12862,12906,11663,12679,12303,13011,13582,95480,13400,89971,16770,OVRFLW,20681,OVRFLW,10795,OVRFLW,12911,13818,13769,OVRFLW,18970,90060,10979,OVRFLW,21074,OVRFLW,10899,OVRFLW,13124,14091,13909,6144,11476,97090,10761,OVRFLW,19866,OVRFLW,10971,31892,13395,14305,13799,6183,6057,19586,10676,24988,14240,29370,11121,11946,13372,14410,13836,13018,5952,13964,13736,14221,13792,13964,13861,14181,13461,14352,14085,13392,5924,13613,13396,13563,13419,13697,13661,13603,13368,14655,14093,15113,14803,14358,14654,14560,14512,15433,14358,14541,14347,14667
7:58:35,37,12930,13246,13013,13152,13126,13021,12852,12965,11642,12728,12307,12987,13640,OVRFLW,13475,92651,16929,OVRFLW,20896,OVRFLW,10889,OVRFLW,13012,13850,13776,OVRFLW,19189,93050,10996,OVRFLW,21159,OVRFLW,10983,OVRFLW,13201,14131,14028,6163,11597,OVRFLW,10813,OVRFLW,20060,OVRFLW,11014,34811,13448,14449,13866,6212,6093,19688,10675,25258,14323,29616,11187,12300,13458,14460,13914,13189,6038,14117,13875,14344,13956,14059,14018,14246,13425,14418,14126,13548,5941,13680,13530,13565,13537,13757,13717,13717,13427,14792,14065,15261,14867,14417,14781,14571,14606,15548,14425,14625,14413,14729
8:08:35,37,12971,13202,13050,13207,13188,13049,12890,13000,11719,12793,12334,12996,13669,OVRFLW,13543,95421,17077,OVRFLW,20973,OVRFLW,10951,OVRFLW,12994,13954,13863,OVRFLW,19275,95262,11048,OVRFLW,21290,OVRFLW,11047,OVRFLW,13316,14246,14001,6187,11693,OVRFLW,10887,OVRFLW,20106,OVRFLW,11068,38073,13516,14475,13880,6224,6113,19883,10757,25364,14377,29725,11275,12557,13491,14510,13962,13272,6050,14155,13890,14442,13950,14127,13997,14326,13504,14529,14141,13639,5996,13725,13620,13680,13552,13833,13804,13772,13501,14847,14084,15232,14974,14439,14834,14677,14696,15575,14514,14668,14468,14813
8:18:35,37,12917,13191,13084,13199,13155,12972,12852,12935,11661,12755,12308,12986,13693,OVRFLW,13606,97040,17059,OVRFLW,21014,OVRFLW,11036,OVRFLW,13012,13957,13868,OVRFLW,19375,97407,11068,OVRFLW,21433,OVRFLW,10985,OVRFLW,13249,14203,13960,6191,11759,OVRFLW,10889,OVRFLW,20171,OVRFLW,11087,41661,13532,14441,13858,6241,6150,19878,10726,25391,14378,29824,11233,12740,13545,14519,13937,13242,6077,14158,13870,14408,13942,14146,13979,14346,13541,14471,14181,13615,5985,13706,13525,13615,13552,13819,13818,13767,13487,14784,14105,15289,14910,14425,14854,14626,14635,15535,14498,14697,14472,14732
8:28:35,37,12888,13265,13105,13220,13174,13001,12938,12992,11650,12761,12306,12977,13716,OVRFLW,13729,OVRFLW,17145,OVRFLW,21169,OVRFLW,11077,OVRFLW,13080,13983,13884,OVRFLW,19470,OVRFLW,11081,OVRFLW,21387,OVRFLW,11094,OVRFLW,13342,14162,13987,6215,11784,OVRFLW,10895,OVRFLW,20185,OVRFLW,11103,45650,13569,14495,13883,6234,6198,20027,10797,25602,14390,29965,11278,13097,13564,14561,13957,13371,6051,14198,13936,14459,14028,14201,14094,14427,13583,14556,14233,13732,6031,13819,13634,13722,13577,13867,13803,13841,13538,14877,14051,15282,14974,14399,14838,14678,14736,15668,14575,14750,14514,14834
8:38:35,36.9,12914,13244,13145,13197,13215,13056,12824,12975,11660,12772,12333,12969,13737,OVRFLW,13835,OVRFLW,17265,OVRFLW,21171,OVRFLW,11199,OVRFLW,13119,14005,13858,OVRFLW,19604,OVRFLW,11173,OVRFLW,21569,OVRFLW,11066,OVRFLW,13341,14304,14048,6258,11903,OVRFLW,10903,OVRFLW,20333,OVRFLW,11135,49770,13584,14519,13909,6308,6226,20082,10765,25769,14461,30121,11300,13433,13636,14634,13998,13418,6124,14230,13985,14504,14074,14217,14138,14424,13615,14591,14299,13826,6014,13839,13695,13792,13675,13923,13891,13829,13532,14879,14089,15361,15028,14545,14907,14788,14788,15718,14623,14802,14473,14896
8:48:35,37,12847,13204,13116,13221,13224,12986,12832,12916,11612,12707,12312,12883,13706,OVRFLW,13805,OVRFLW,17209,OVRFLW,21252,OVRFLW,11221,OVRFLW,13090,13927,13891,OVRFLW,19647,OVRFLW,11082,OVRFLW,21585,OVRFLW,11080,OVRFLW,13323,14266,14015,6270,11848,OVRFLW,10906,OVRFLW,20309,OVRFLW,11097,53623,13610,14514,13962,6280,6280,20158,10856,25684,14466,30260,11313,13727,13604,14576,13968,13431,6097,14229,13894,14471,13996,14152,14090,14376,13549,14540,14157,13856,6003,13816,13628,13755,13655,13857,13856,13896,13563,14848,14043,15238,14969,14472,14869,14683,14729,15621,14584,14749,14501,14804
8:58:35,37,12813,13133,13053,13189,13137,12917,12849,12949,11610,12706,12279,12823,13746,OVRFLW,13852,OVRFLW,17250,OVRFLW,21267,OVRFLW,11301,OVRFLW,13066,13934,13836,OVRFLW,19665,OVRFLW,11168,OVRFLW,21584,OVRFLW,11112,OVRFLW,13303,14296,14054,6275,11951,OVRFLW,10903,OVRFLW,20468,OVRFLW,11157,58190,13567,14531,13907,6299,6396,20216,10816,25860,14482,30387,11301,14046,13635,14566,13944,13477,6102,14199,13943,14483,14083,14213,14189,14394,13612,14524,14201,13911,5995,13878,13707,13774,13597,13855,13857,13929,13579,14885,14091,15270,14989,14536,14902,14759,14792,15677,14602,14823,14521,14852
9:08:35,37,12787,13271,13086,13257,13217,13014,12916,12998,11661,12747,12257,12908,13663,OVRFLW,13952,OVRFLW,17361,OVRFLW,21338,OVRFLW,11443,OVRFLW,13134,14027,13882,OVRFLW,19946,OVRFLW,11171,OVRFLW,21704,OVRFLW,11224,OVRFLW,13395,14283,14051,6334,12066,OVRFLW,10948,OVRFLW,20531,OVRFLW,11160,62767,13637,14571,13968,6338,6502,20405,10849,26021,14558,30502,11399,14409,13727,14639,14025,13642,6146,14304,14005,14554,14167,14255,14191,14491,13650,14700,14180,14064,6096,13891,13711,13812,13690,13999,13985,13967,13670,14978,14101,15434,15078,14527,15010,14794,14761,15761,14653,14871,14561,14843
9:18:35,37,12848,13261,13119,13290,13310,13081,12926,13045,11629,12787,12340,12891,13775,OVRFLW,14122,OVRFLW,17447,OVRFLW,21630,OVRFLW,11585,OVRFLW,13176,14075,13998,OVRFLW,20040,OVRFLW,11250,OVRFLW,21954,OVRFLW,11161,OVRFLW,13498,14420,14134,6349,12094,OVRFLW,11023,OVRFLW,20643,OVRFLW,11217,67560,13736,14631,14071,6373,6631,20607,10957,26255,14585,30634,11471,14944,13822,14713,14096,13649,6206,14365,14059,14657,14195,14352,14329,14483,13778,14763,14372,14160,6095,13955,13799,13907,13770,14071,14045,13983,13691,15017,14124,15482,15188,14620,15095,14954,14897,15802,14758,14980,14628,14963
9:28:35,37,12781,13258,13135,13295,13228,13102,12917,13013,11629,12781,12314,12875,13832,OVRFLW,14155,OVRFLW,17605,OVRFLW,21651,OVRFLW,11752,OVRFLW,13253,14080,13985,OVRFLW,20275,OVRFLW,11289,OVRFLW,21967,OVRFLW,11233,OVRFLW,13538,14414,14109,6365,12151,OVRFLW,11021,OVRFLW,20794,OVRFLW,11236,71561,13736,14738,14051,6427,6734,20674,10940,26459,14659,30872,11446,15395,13829,14714,14114,13771,6222,14408,14143,14664,14234,14399,14270,14570,13801,14782,14304,14251,6099,14033,13865,13950,13858,14067,14079,14067,13820,15017,14138,15443,15117,14652,15056,14909,14867,15872,14738,14929,14661,14963
9:38:35,37,12655,13213,13126,13266,13261,13003,12934,12965,11556,12694,12248,12768,13723,OVRFLW,14155,OVRFLW,17548,OVRFLW,21580,OVRFLW,11880,OVRFLW,13134,14002,13944,OVRFLW,20161,OVRFLW,11301,OVRFLW,21932,OVRFLW,11213,OVRFLW,13398,14364,14083,6358,12173,OVRFLW,11020,OVRFLW,20730,OVRFLW,11232,75254,13686,14607,14032,6387,6886,20794,10944,26428,14654,30791,11439,16043,13741,14666,14066,13769,6198,14401,14080,14650,14194,14312,14291,14557,13777,14728,14292,14232,6114,14025,13791,13898,13860,14031,14119,14031,13807,15035,14087,15505,15138,14598,15006,14816,14932,15739,14735,14919,14627,14970
9:48:35,37,12673,13145,13051,13259,13209,13076,12868,12916,11583,12700,12200,12704,13717,OVRFLW,14226,OVRFLW,17567,OVRFLW,21603,OVRFLW,12076,OVRFLW,13149,14005,13985,OVRFLW,20304,OVRFLW,11246,OVRFLW,21985,OVRFLW,11234,OVRFLW,13451,14354,14091,6352,12219,OVRFLW,11008,OVRFLW,20766,OVRFLW,11240,78662,13729,14651,13935,6395,7023,20808,10938,26482,14602,30886,11405,16680,13731,14682,14066,13820,6257,14431,14176,14652,14223,14326,14258,14571,13777,14683,14266,14292,6118,13939,13771,13868,13796,14084,14031,14028,13670,15010,14036,15440,15017,14575,14967,14780,14871,15770,14749,14887,14684,14869
9:58:35,37,12647,13240,13148,13306,13302,13029,12908,12966,11656,12747,12211,12772,13708,OVRFLW,14291,OVRFLW,17634,OVRFLW,21741,OVRFLW,12179,OVRFLW,13202,14064,14006,OVRFLW,20431,OVRFLW,11261,OVRFLW,22145,OVRFLW,11239,OVRFLW,13473,14421,14111,6404,12334,OVRFLW,11076,OVRFLW,20928,OVRFLW,11322,82478,13780,14709,14017,6431,7241,20960,10934,26603,14666,31095,11471,17461,13792,14744,14119,13908,6227,14427,14145,14715,14289,14420,14341,14637,13818,14717,14297,14362,6109,14065,13883,13923,13797,14075,14123,14088,13793,15057,13986,15473,15125,14652,15067,14959,14915,15826,14782,14950,14679,14962
10:08:35,37,12682,13235,13122,13268,13308,13121,12889,12902,11570,12714,12249,12694,13811,OVRFLW,14452,OVRFLW,17797,OVRFLW,21777,OVRFLW,12438,OVRFLW,13309,14024,13986,OVRFLW,20517,OVRFLW,11346,OVRFLW,22213,OVRFLW,11276,OVRFLW,13613,14425,14204,6388,12389,OVRFLW,11109,OVRFLW,20970,OVRFLW,11276,85845,13850,14758,14093,6457,7626,21036,10992,26786,14715,31278,11531,18030,13896,14731,14117,14024,6287,14489,14174,14735,14210,14443,14392,14639,13847,14762,14289,14421,6152,14051,13931,13937,13894,14197,14105,14131,13884,15063,14042,15447,15215,14682,15112,14927,14917,15864,14778,14984,14707,14973
10:18:35,37,12626,13192,13135,13335,13278,13072,12943,12939,11583,12730,12156,12648,13788,OVRFLW,14432,OVRFLW,17839,OVRFLW,21862,OVRFLW,12672,OVRFLW,13228,14067,14022,OVRFLW,20626,OVRFLW,11324,OVRFLW,22212,OVRFLW,11287,OVRFLW,13518,14376,14168,6398,12382,OVRFLW,11108,OVRFLW,21013,OVRFLW,11384,88747,13816,14708,14052,6455,7923,21092,10967,26987,14666,31343,11501,18780,13833,14790,14163,14077,6199,14407,14166,14720,14308,14505,14322,14637,13885,14734,14255,14518,6167,14037,13929,14027,13868,14157,14110,14091,13786,15093,14016,15522,15178,14650,15086,14954,14945,15902,14798,14969,14664,14914
10:28:35,37,12614,13295,13152,13291,13292,13020,12895,12932,11578,12677,12200,12682,13768,OVRFLW,14520,OVRFLW,17831,OVRFLW,21985,OVRFLW,13019,OVRFLW,13265,14087,14023,OVRFLW,20718,OVRFLW,11359,OVRFLW,22349,OVRFLW,11340,OVRFLW,13548,14565,14167,6435,12502,OVRFLW,11209,OVRFLW,21133,OVRFLW,11342,92484,13849,14824,14058,6462,8488,21291,11018,27060,14690,31439,11567,19399,13890,14837,14174,14127,6262,14502,14268,14727,14319,14480,14439,14698,13914,14809,14317,14562,6173,14070,13928,14045,13992,14208,14238,14196,13921,15190,13986,15564,15156,14742,15140,14980,14981,15936,14827,15042,14789,14985
10:38:35,37,12499,13153,13085,13202,13195,13009,12822,12887,11507,12621,12092,12496,13709,OVRFLW,14433,OVRFLW,17791,OVRFLW,21818,OVRFLW,13357,OVRFLW,13215,14010,13966,OVRFLW,20767,OVRFLW,11269,OVRFLW,22256,OVRFLW,11314,OVRFLW,13527,14363,14118,6415,12434,OVRFLW,11150,OVRFLW,21069,OVRFLW,11331,95057,13762,14705,13966,6477,9125,21218,10989,27135,14685,31377,11480,20014,13844,14759,14094,14066,6234,14415,14218,14736,14312,14440,14322,14655,13909,14710,14205,14517,6154,14072,13901,14021,13859,14139,14156,14105,13821,15024,13878,15413,15101,14614,15096,14936,14912,15847,14745,14930,14671,14876
10:48:35,37,12477,13165,13092,13263,13223,13006,12854,12849,11474,12597,12123,12526,13687,OVRFLW,14501,OVRFLW,17885,OVRFLW,21876,OVRFLW,13658,OVRFLW,13240,14029,13939,OVRFLW,20829,OVRFLW,11293,OVRFLW,22325,OVRFLW,11298,OVRFLW,13535,14409,14086,6440,12514,OVRFLW,11137,OVRFLW,21168,OVRFLW,11337,OVRFLW,13784,14674,14009,6478,10075,21275,11004,27094,14759,31481,11528,20793,13886,14741,14070,14142,6233,14494,14173,14706,14281,14400,14383,14690,13854,14688,14317,14572,6158,14038,13882,14016,13839,14193,14158,14155,13846,15090,13848,15456,15134,14638,15080,14887,14962,15829,14743,14981,14682,14836
10:58:35,37,12465,13148,13092,13187,13232,12985,12784,12859,11483,12587,12104,12396,13753,OVRFLW,14613,OVRFLW,17878,OVRFLW,22010,OVRFLW,13924,OVRFLW,13214,14019,13996,OVRFLW,20877,OVRFLW,11303,OVRFLW,22349,OVRFLW,11312,OVRFLW,13589,14417,14109,6403,12526,OVRFLW,11172,OVRFLW,21251,OVRFLW,11346,OVRFLW,13806,14670,13971,6476,11393,21480,11050,27211,14739,31627,11546,21444,13864,14687,14060,14141,6293,14473,14216,14763,14315,14439,14334,14704,13862,14743,14262,14567,6177,14083,13967,14048,13943,14173,14142,14177,13878,15091,13859,15476,15198,14646,15118,14900,14911,15904,14772,14987,14721,14892
11:08:35,37,12484,13205,13107,13306,13278,13061,12850,12904,11531,12610,12152,12412,13770,OVRFLW,14654,OVRFLW,18033,OVRFLW,22094,OVRFLW,14368,OVRFLW,13319,14044,14040,OVRFLW,21071,OVRFLW,11396,OVRFLW,22558,OVRFLW,11376,OVRFLW,13628,14411,14243,6485,12609,OVRFLW,11212,OVRFLW,21337,OVRFLW,11360,OVRFLW,13922,14760,13992,6532,13215,21668,11136,27548,14826,31853,11623,22037,13961,14795,14062,14310,6314,14544,14249,14792,14464,14571,14506,14784,13928,14877,14351,14713,6280,14127,14003,14097,13997,14293,14295,14296,13923,15146,13921,15528,15201,14671,15172,14980,14956,15946,14840,15058,14802,14935
11:18:35,37,12401,13171,13062,13266,13280,13020,12830,12840,11452,12550,12023,12368,13674,OVRFLW,14656,OVRFLW,17955,OVRFLW,22134,OVRFLW,14606,OVRFLW,13298,13974,13994,OVRFLW,21024,OVRFLW,11332,OVRFLW,22572,OVRFLW,11347,OVRFLW,13633,14500,14102,6492,12611,OVRFLW,11205,OVRFLW,21317,OVRFLW,11359,OVRFLW,13887,14735,14067,6527,15213,21692,11064,27434,14757,31847,11559,22478,13923,14789,14125,14290,6299,14539,14261,14756,14391,14532,14472,14723,13957,14792,14290,14765,6211,14138,13972,14158,14021,14273,14180,14233,13883,15127,13863,15470,15178,14714,15082,15001,14985,15829,14834,15039,14719,14916
11:28:35,37,12454,13189,13082,13292,13236,12998,12770,12846,11440,12549,12077,12332,13716,OVRFLW,14777,OVRFLW,18013,OVRFLW,22146,OVRFLW,14780,OVRFLW,13307,14038,14014,OVRFLW,21207,OVRFLW,11385,OVRFLW,22587,OVRFLW,11409,OVRFLW,13633,14495,14182,6465,12658,OVRFLW,11238,OVRFLW,21441,OVRFLW,11418,OVRFLW,13849,14795,14098,6550,17452,21790,11093,27692,14845,31991,11623,22921,13966,14810,14163,14401,6327,14567,14298,14848,14374,14570,14520,14734,13963,14820,14258,14796,6208,14125,13968,14107,13956,14243,14237,14170,13996,15101,13876,15543,15250,14700,15130,15042,14983,15966,14825,15017,14733,14971
11:38:35,37,12354,13173,13182,13348,13287,13085,12777,12891,11466,12569,12076,12327,13746,OVRFLW,14822,OVRFLW,18072,OVRFLW,22227,OVRFLW,14960,OVRFLW,13333,14125,14114,OVRFLW,21331,OVRFLW,11491,OVRFLW,22751,OVRFLW,11412,OVRFLW,13752,14513,14208,6536,12814,OVRFLW,11269,OVRFLW,21520,OVRFLW,11486,OVRFLW,13954,14814,14134,6568,19880,21947,11162,27889,14858,32257,11706,23342,14020,14902,14170,14488,6321,14640,14370,14889,14502,14600,14554,14900,14088,14913,14357,14951,6246,14274,14098,14195,14034,14407,14335,14369,14032,15240,13876,15585,15331,14818,15215,15072,15106,16001,14918,15114,14840,15020
11:48:35,37,12275,13134,13070,13247,13243,13012,12761,12776,11365,12458,11990,12247,13754,OVRFLW,14841,OVRFLW,18186,OVRFLW,22282,OVRFLW,14675,OVRFLW,13341,13960,14003,OVRFLW,21292,OVRFLW,11459,OVRFLW,22617,OVRFLW,11435,OVRFLW,13663,14474,14184,6559,12729,OVRFLW,11308,OVRFLW,21470,OVRFLW,11480,OVRFLW,13879,14757,14031,6550,22213,21861,11086,27820,14870,32133,11634,23538,13971,14778,14176,14445,6334,14586,14280,14864,14426,14550,14488,14773,14034,14881,14243,14901,6212,14141,14038,14107,13942,14271,14274,14247,13942,15149,13824,15537,15219,14728,15105,14998,14996,15970,14864,15038,14774,14897
11:58:35,37,12190,13072,13057,13235,13160,12979,12732,12695,11367,12430,11932,12144,13652,OVRFLW,14847,OVRFLW,18129,OVRFLW,22173,OVRFLW,14686,OVRFLW,13289,13915,13968,OVRFLW,21313,OVRFLW,11433,OVRFLW,22642,OVRFLW,11365,OVRFLW,13631,14387,14147,6514,12768,OVRFLW,11282,OVRFLW,21443,OVRFLW,11463,OVRFLW,13921,14733,13992,6564,25175,21916,11083,27762,14810,32235,11598,23803,13948,14811,14103,14518,6334,14634,14328,14832,14451,14583,14503,14807,13929,14783,14257,14919,6238,14146,14028,14044,14009,14278,14284,14224,13967,15117,13721,15528,15137,14690,15117,14952,14926,15993,14835,15002,14721,14828
12:08:35,37,12181,13093,13051,13275,13230,12999,12758,12744,11328,12451,11942,12109,13723,OVRFLW,14993,OVRFLW,18264,OVRFLW,22310,OVRFLW,14858,OVRFLW,13323,13938,14026,OVRFLW,21512,OVRFLW,11474,OVRFLW,22675,OVRFLW,11436,OVRFLW,13683,14488,14224,6545,12879,OVRFLW,11282,OVRFLW,21617,OVRFLW,11463,OVRFLW,13921,14793,14023,6603,28702,22340,11145,27887,14872,32326,11655,24219,14055,14819,14092,14632,6414,14695,14354,14877,14373,14644,14585,14851,14025,14873,14239,15059,6284,14211,14051,14122,14032,14304,14384,14285,13981,15195,13768,15540,15268,14716,15190,15065,15035,15994,14902,15115,14817,14855
12:18:35,36.9,12160,13139,13088,13346,13290,12992,12837,12730,11392,12410,11949,12140,13748,OVRFLW,15008,OVRFLW,18329,OVRFLW,22408,OVRFLW,15045,OVRFLW,13389,13943,14022,OVRFLW,21605,OVRFLW,11542,OVRFLW,22837,OVRFLW,11482,OVRFLW,13686,14541,14197,6568,12889,OVRFLW,11339,OVRFLW,21653,OVRFLW,11484,OVRFLW,13983,14787,14080,6615,32435,22303,11140,28014,14898,32606,11661,24589,14083,14841,14191,14646,6409,14700,14397,14951,14512,14681,14610,14847,14068,14848,14333,15114,6313,14284,14089,14156,14085,14321,14366,14334,14025,15165,13731,15530,15329,14763,15209,15043,15106,16088,14947,15166,14883,14888
12:28:35,37,12059,13103,12995,13173,13176,12897,12680,12695,11309,12408,11883,11964,13606,OVRFLW,15010,OVRFLW,18190,OVRFLW,22271,OVRFLW,15055,OVRFLW,13311,13930,13915,OVRFLW,21526,OVRFLW,11445,OVRFLW,22727,OVRFLW,11400,OVRFLW,13674,14348,14141,6522,12884,OVRFLW,11187,OVRFLW,21599,OVRFLW,11405,OVRFLW,13871,14666,14027,6581,35678,22324,11093,27751,14821,32614,11662,24726,13974,14742,14005,14592,6335,14575,14277,14864,14409,14525,14432,14770,13978,14781,14188,15033,6300,14097,13957,14021,13981,14320,14312,14230,13959,15075,13664,15489,15244,14713,15133,14978,14966,15947,14862,14998,14768,14710
12:38:35,37,11948,13048,12987,13251,13173,12909,12649,12651,11239,12325,11846,11896,13659,OVRFLW,14979,OVRFLW,18263,OVRFLW,22304,OVRFLW,15213,OVRFLW,13235,13904,13927,OVRFLW,21583,OVRFLW,11461,OVRFLW,22739,OVRFLW,11426,OVRFLW,13632,14400,14098,6601,12882,OVRFLW,11263,OVRFLW,21588,OVRFLW,11429,OVRFLW,13878,14699,14034,6614,39218,22236,11061,27988,14850,32836,11627,24971,13983,14742,14111,14674,6373,14556,14308,14823,14379,14558,14487,14751,14018,14814,14218,15116,6277,14158,14048,14104,14021,14354,14357,14197,13912,15053,13633,15507,15268,14715,15090,14977,15042,15958,14811,15027,14786,14837
12:48:35,37,12037,13058,13043,13230,13233,12898,12648,12674,11345,12279,11770,11934,13555,OVRFLW,15133,OVRFLW,18375,OVRFLW,22376,OVRFLW,15348,OVRFLW,13329,13930,13982,OVRFLW,21789,OVRFLW,11528,OVRFLW,22829,OVRFLW,11466,OVRFLW,13723,14461,14133,6588,12989,OVRFLW,11376,OVRFLW,21765,OVRFLW,11479,OVRFLW,13976,14758,14061,6617,42962,22326,11176,28118,14949,33016,11669,25376,14005,14818,14126,14791,6419,14610,14355,14882,14476,14628,14561,14875,14103,14832,14223,15181,6329,14228,14090,14188,14110,14366,14379,14453,14050,15116,13645,15557,15323,14776,15187,15087,15014,15987,14920,15055,14880,14800
12:58:35,37,12063,13045,13060,13307,13213,12933,12652,12691,11284,12319,11779,11892,13718,OVRFLW,15262,OVRFLW,18444,OVRFLW,22505,OVRFLW,15489,OVRFLW,13400,13900,14079,OVRFLW,21918,OVRFLW,11602,OVRFLW,23080,OVRFLW,11542,OVRFLW,13731,14472,14184,6615,13091,OVRFLW,11392,OVRFLW,21835,OVRFLW,11569,OVRFLW,13996,14826,14094,6636,46520,22745,11194,28549,14981,33176,11719,25524,14063,14850,14200,14859,6465,14731,14465,14997,14554,14703,14674,14944,14103,14889,14315,15393,6347,14356,14145,14291,14203,14454,14456,14494,14109,15142,13712,15609,15332,14823,15299,15106,15093,16087,14971,15132,14852,14894
13:08:35,37,11943,13045,13029,13282,13259,12927,12727,12600,11307,12278,11748,11830,13694,OVRFLW,15223,OVRFLW,18468,OVRFLW,22563,OVRFLW,15487,OVRFLW,13315,13951,14033,OVRFLW,21947,OVRFLW,11588,OVRFLW,23077,OVRFLW,11431,OVRFLW,13712,14444,14200,6600,13103,OVRFLW,11339,OVRFLW,21919,OVRFLW,11497,OVRFLW,13967,14787,14086,6640,49743,22608,11223,28573,15006,33166,11785,25792,14096,14786,14182,14905,6439,14660,14388,14880,14527,14686,14679,14919,14102,14868,14224,15363,6319,14306,14128,14290,14215,14441,14408,14400,14042,15209,13648,15555,15334,14767,15194,15119,15091,16041,14946,15169,14916,14888
13:18:35,37,11902,13051,13027,13264,13271,12950,12672,12638,11342,12242,11723,11788,13639,OVRFLW,15301,OVRFLW,18527,OVRFLW,22575,OVRFLW,15573,OVRFLW,13400,13937,14089,OVRFLW,22111,OVRFLW,11644,OVRFLW,23115,OVRFLW,11536,OVRFLW,13762,14531,14230,6596,13120,OVRFLW,11410,OVRFLW,21932,OVRFLW,11555,OVRFLW,14036,14825,14075,6679,53431,22742,11230,28662,15040,33049,11728,25891,14096,14867,14160,14984,6490,14784,14435,14964,14527,14739,14650,14983,14112,14866,14238,15442,6349,14322,14216,14280,14194,14431,14458,14458,14107,15172,13545,15550,15307,14792,15223,15165,15091,16095,14976,15250,14945,14828
13:28:35,36.9,11875,13076,13057,13258,13217,12953,12614,12647,11349,12225,11714,11696,13624,OVRFLW,15369,OVRFLW,18534,OVRFLW,22576,OVRFLW,15641,OVRFLW,13389,13935,14006,OVRFLW,22181,OVRFLW,11614,OVRFLW,23106,OVRFLW,11523,OVRFLW,13726,14534,14139,6657,13207,OVRFLW,11448,OVRFLW,22046,OVRFLW,11590,OVRFLW,14094,14822,14103,6674,57278,22796,11242,28674,15091,33169,11760,26094,14090,14861,14167,15007,6489,14788,14486,14972,14634,14727,14657,14972,14091,14967,14289,15447,6368,14322,14178,14293,14190,14448,14544,14445,14123,15213,13536,15617,15327,14828,15303,15131,15154,16080,15006,15193,14962,14798
13:38:35,36.9,11798,13015,13017,13258,13215,12886,12640,12569,11332,12122,11665,11591,13591,OVRFLW,15387,OVRFLW,18542,OVRFLW,22562,OVRFLW,15715,OVRFLW,13376,13902,14002,OVRFLW,22171,OVRFLW,11600,OVRFLW,23103,OVRFLW,11574,OVRFLW,13709,14446,14187,6643,13176,OVRFLW,11371,OVRFLW,22041,OVRFLW,11577,OVRFLW,14059,14811,14019,6697,60890,22896,11257,28848,15027,33332,11767,26255,14049,14833,14091,15009,6507,14756,14453,14976,14556,14742,14679,14985,14061,14925,14201,15477,6346,14303,14143,14300,14156,14453,14424,14410,14066,15149,13535,15603,15328,14771,15252,15110,15141,16100,14983,15164,14916,14782
13:48:35,37,11781,12963,13022,13229,13207,12882,12628,12584,11369,12201,11661,11551,13644,OVRFLW,15425,OVRFLW,18659,OVRFLW,22671,OVRFLW,15703,OVRFLW,13417,13901,13994,OVRFLW,22307,OVRFLW,11643,OVRFLW,23252,OVRFLW,11516,OVRFLW,13844,14566,14181,6644,13220,OVRFLW,11461,OVRFLW,22110,OVRFLW,11666,OVRFLW,14089,14805,14061,6671,64745,22965,11342,28966,15139,33647,11802,26431,14144,14868,14188,15118,6497,14757,14462,15073,14582,14763,14674,15007,14163,14878,14266,15562,6356,14341,14232,14293,14157,14457,14505,14475,14203,15195,13485,15614,15307,14829,15218,15150,15126,16163,14974,15230,14912,14772
13:58:35,37,11768,13001,13006,13260,13254,12916,12625,12533,11467,12132,11572,11511,13633,OVRFLW,15595,OVRFLW,18622,OVRFLW,22845,OVRFLW,15849,OVRFLW,13410,13935,14083,OVRFLW,22467,OVRFLW,11735,OVRFLW,23314,OVRFLW,11631,OVRFLW,13883,14492,14242,6666,13348,OVRFLW,11476,OVRFLW,22195,OVRFLW,11651,OVRFLW,14042,14890,14085,6750,68868,23142,11302,29021,15158,33653,11864,26616,14118,14922,14250,15218,6558,14915,14559,15109,14698,14867,14758,15074,14246,14960,14268,15692,6395,14402,14306,14358,14236,14547,14550,14559,14221,15228,13564,15653,15438,14912,15283,15180,15262,16238,15079,15289,14951,14760
14:08:35,37,11777,13042,13009,13231,13310,12890,12687,12494,11522,12140,11615,11475,13630,OVRFLW,15595,OVRFLW,18738,OVRFLW,22903,OVRFLW,15898,OVRFLW,13434,13902,14063,OVRFLW,22622,OVRFLW,11729,OVRFLW,23290,OVRFLW,11646,OVRFLW,13889,14528,14270,6685,13335,OVRFLW,11490,OVRFLW,22232,OVRFLW,11679,OVRFLW,14168,14856,14135,6757,72062,23287,11370,29148,15208,33802,11908,26641,14230,14920,14237,15272,6560,14903,14529,15179,14711,14848,14751,15091,14213,14967,14268,15655,6444,14394,14296,14380,14258,14587,14618,14618,14278,15204,13512,15696,15398,14921,15358,15191,15187,16211,15083,15270,14985,14808
14:18:35,36.9,11677,12969,13010,13238,13281,12930,12546,12507,11526,12078,11534,11396,13652,OVRFLW,15640,OVRFLW,18745,OVRFLW,22828,OVRFLW,15893,OVRFLW,13405,13836,14102,OVRFLW,22652,OVRFLW,11690,OVRFLW,23356,OVRFLW,11618,OVRFLW,13892,14490,14179,6663,13396,OVRFLW,11444,OVRFLW,22182,OVRFLW,11659,OVRFLW,14125,14830,14056,6711,75243,23283,11335,29131,15205,33722,11815,26623,14112,14883,14150,15275,6523,14846,14557,15097,14661,14817,14692,15068,14227,14977,14203,15754,6407,14447,14262,14333,14242,14555,14552,14599,14165,15221,13491,15618,15390,14873,15262,15181,15188,16268,15056,15306,14994,14788
14:28:35,37,11580,12975,12983,13267,13204,12878,12617,12517,11578,11971,11495,11264,13591,OVRFLW,15638,OVRFLW,18792,OVRFLW,22854,OVRFLW,15980,OVRFLW,13476,13814,14052,OVRFLW,22605,OVRFLW,11701,OVRFLW,23442,OVRFLW,11621,OVRFLW,13826,14543,14202,6706,13391,OVRFLW,11503,OVRFLW,22300,OVRFLW,11672,OVRFLW,14142,14868,14039,6771,78852,23382,11313,29298,15193,33973,11850,26639,14123,14981,14159,15358,6514,14914,14589,15111,14711,14839,14714,15085,14217,14945,14251,15769,6432,14459,14264,14378,14254,14602,14569,14537,14195,15177,13419,15590,15355,14857,15363,15248,15175,16227,15090,15322,14997,14810
14:38:35,37,11565,12951,13046,13270,13235,12899,12556,12438,11694,11957,11477,11269,13610,OVRFLW,15736,OVRFLW,18866,OVRFLW,22932,OVRFLW,16041,OVRFLW,13509,13930,14138,OVRFLW,22802,OVRFLW,11707,OVRFLW,23561,OVRFLW,11678,OVRFLW,13896,14553,14258,6705,13463,OVRFLW,11533,OVRFLW,22406,OVRFLW,11715,OVRFLW,14218,14918,14103,6826,81958,23492,11402,29109,15274,34202,11952,26962,14228,14946,14182,15483,6543,14922,14610,15156,14716,14847,14852,15094,14292,14994,14304,15895,6461,14510,14376,14451,14305,14586,14642,14582,14207,15206,13384,15690,15411,14869,15468,15224,15264,16198,15074,15346,15033,14826
14:48:35,37,11547,12922,13031,13248,13281,12913,12622,12492,11827,11983,11410,11170,13657,OVRFLW,15800,OVRFLW,18915,OVRFLW,22977,OVRFLW,16177,OVRFLW,13459,13887,13992,OVRFLW,22919,OVRFLW,11807,OVRFLW,23597,OVRFLW,11674,OVRFLW,13939,14506,14265,6765,13528,OVRFLW,11530,OVRFLW,22464,OVRFLW,11753,OVRFLW,14205,14922,14073,6805,85085,23518,11419,29442,15319,33899,11906,27028,14200,14886,14157,15465,6611,14920,14654,15211,14763,14877,14824,15143,14360,15016,14320,15932,6446,14506,14351,14507,14332,14705,14583,14649,14277,15208,13420,15718,15455,14943,15377,15343,15311,16281,15155,15341,15035,14719
14:58:35,37,11496,12993,12932,13290,13311,12898,12532,12450,11870,11963,11409,11081,13633,OVRFLW,15794,OVRFLW,18933,OVRFLW,23020,OVRFLW,16114,OVRFLW,13433,13901,14068,OVRFLW,22956,OVRFLW,11842,OVRFLW,23572,OVRFLW,11659,OVRFLW,13939,14518,14228,6754,13552,OVRFLW,11591,OVRFLW,22421,OVRFLW,11791,OVRFLW,14224,14908,14079,6829,88026,23761,11438,29390,15300,34154,11956,27141,14203,15006,14185,15499,6599,14999,14688,15214,14745,14969,14914,15118,14320,15016,14306,15997,6462,14545,14380,14491,14398,14676,14653,14618,14340,15152,13322,15716,15438,14916,15402,15262,15328,16243,15155,15380,15040,14764
15:08:35,37,11391,12876,12941,13112,13167,12803,12433,12306,11930,11854,11265,10934,13497,OVRFLW,15750,OVRFLW,18852,OVRFLW,22886,OVRFLW,16024,OVRFLW,13380,13736,13983,OVRFLW,22903,OVRFLW,11697,OVRFLW,23390,OVRFLW,11610,OVRFLW,13848,14399,14089,6732,13509,OVRFLW,11552,OVRFLW,22428,OVRFLW,11662,OVRFLW,14116,14715,13947,6810,90555,23628,11314,29467,15214,33981,11860,26979,14188,14791,14045,15464,6595,14807,14523,15060,14656,14844,14752,15036,14256,14853,14145,15943,6457,14402,14299,14358,14233,14539,14542,14582,14217,15149,13226,15602,15377,14834,15298,15160,15210,16156,14997,15248,14901,14632
15:18:35,37,11336,12860,12941,13159,13167,12802,12413,12299,12089,11810,11204,10956,13496,OVRFLW,15769,OVRFLW,18810,OVRFLW,22879,OVRFLW,16158,OVRFLW,13416,13720,14049,OVRFLW,22977,OVRFLW,11718,OVRFLW,23512,OVRFLW,11676,OVRFLW,13886,14449,14100,6733,13587,OVRFLW,11571,OVRFLW,22403,OVRFLW,11646,OVRFLW,14141,14764,14058,6758,93246,23657,11363,29280,15206,34057,11855,27021,14154,14796,14111,15478,6608,14841,14563,15179,14681,14866,14784,15035,14257,14846,14173,15967,6456,14508,14315,14406,14258,14599,14592,14550,14161,15124,13180,15482,15325,14808,15277,15180,15161,16229,15045,15262,14962,14621
15:28:35,37,11236,12837,12861,13102,13094,12765,12348,12258,12317,11761,11159,10864,13453,OVRFLW,15817,OVRFLW,18893,OVRFLW,22884,OVRFLW,16086,OVRFLW,13332,13614,13936,OVRFLW,22988,OVRFLW,11716,OVRFLW,23500,OVRFLW,11605,OVRFLW,13875,14365,14091,6737,13584,OVRFLW,11547,OVRFLW,22334,OVRFLW,11718,OVRFLW,14141,14786,13980,6810,95718,23706,11396,29566,15174,34038,11849,27006,14132,14781,14089,15583,6574,14849,14551,15182,14716,14748,14823,15013,14244,14864,14177,15991,6422,14427,14255,14352,14257,14576,14563,14598,14189,15144,13184,15501,15337,14830,15265,15126,15208,16158,15013,15336,14892,14603
15:38:35,37,11216,12813,12895,13183,13100,12741,12376,12254,12518,11768,11188,10791,13472,OVRFLW,15853,OVRFLW,18977,OVRFLW,23057,OVRFLW,16225,OVRFLW,13400,13703,13971,OVRFLW,23156,OVRFLW,11797,OVRFLW,23679,OVRFLW,11687,OVRFLW,13960,14448,14169,6735,13614,OVRFLW,11592,OVRFLW,22505,OVRFLW,11705,OVRFLW,14173,14829,14019,6820,OVRFLW,23880,11376,29674,15301,34423,11955,27238,14216,14896,14134,15665,6607,14910,14678,15184,14768,14917,14847,15067,14277,14890,14159,16086,6464,14535,14329,14371,14372,14616,14645,14627,14288,15145,13116,15625,15304,14848,15302,15237,15246,16233,15129,15352,14972,14659
15:48:35,37,11244,12824,12957,13243,13218,12826,12409,12335,12789,11763,11127,10818,13539,OVRFLW,15987,OVRFLW,19115,OVRFLW,23150,OVRFLW,16349,OVRFLW,13482,13723,14120,OVRFLW,23377,OVRFLW,11912,OVRFLW,23862,OVRFLW,11754,OVRFLW,14013,14531,14224,6806,13757,OVRFLW,11629,OVRFLW,22655,OVRFLW,11806,OVRFLW,14248,14906,14113,6868,OVRFLW,24036,11512,29823,15363,34583,12028,27536,14352,14911,14193,15810,6633,14967,14721,15270,14832,15004,14854,15199,14393,15026,14255,16281,6517,14541,14478,14528,14411,14741,14743,14728,14398,15238,13289,15687,15435,14911,15398,15273,15352,16291,15155,15389,15058,14680
15:58:35,37,11233,12801,12950,13163,13205,12774,12439,12319,13138,11699,11142,10694,13558,OVRFLW,16057,OVRFLW,19094,OVRFLW,23208,OVRFLW,16341,OVRFLW,13446,13754,14039,OVRFLW,23333,OVRFLW,11888,OVRFLW,23847,OVRFLW,11775,OVRFLW,14006,14465,14223,6805,13723,OVRFLW,11578,OVRFLW,22717,OVRFLW,11791,OVRFLW,14234,14979,14055,6895,OVRFLW,24133,11448,29756,15312,34642,12001,27620,14270,14908,14116,15802,6695,15057,14685,15252,14827,14952,14941,15171,14314,14976,14252,16228,6480,14525,14427,14531,14378,14732,14708,14706,14378,15143,13118,15667,15432,14853,15405,15224,15296,16277,15158,15429,15045,14662
16:08:35,37,11138,12803,12898,13155,13152,12720,12420,12200,13327,11655,11032,10623,13493,OVRFLW,16037,OVRFLW,19123,OVRFLW,23151,OVRFLW,16369,OVRFLW,13455,13611,14015,OVRFLW,23372,OVRFLW,11872,OVRFLW,23774,OVRFLW,11730,OVRFLW,13989,14426,14180,6808,13723,OVRFLW,11615,OVRFLW,22720,OVRFLW,11804,OVRFLW,14245,14931,14037,6851,OVRFLW,24081,11465,29983,15367,34670,11920,27677,14306,14920,14106,15786,6676,14966,14706,15262,14879,14946,14958,15155,14415,14966,14145,16316,6496,14557,14367,14542,14389,14693,14696,14725,14342,15250,13087,15604,15366,14878,15379,15289,15298,16250,15101,15392,15020,14632
16:18:35,37,11094,12824,12848,13220,13101,12723,12294,12203,13906,11675,10971,10457,13537,OVRFLW,16019,OVRFLW,19131,OVRFLW,23248,OVRFLW,16430,OVRFLW,13471,13663,14027,OVRFLW,23466,OVRFLW,11867,OVRFLW,23871,OVRFLW,11758,OVRFLW,13992,14466,14191,6836,13773,OVRFLW,11690,OVRFLW,22822,OVRFLW,11818,OVRFLW,14291,14878,14015,6928,OVRFLW,24250,11517,30039,15369,34748,12023,27816,14361,14978,14085,15950,6691,15048,14761,15298,14838,15061,14930,15215,14374,14988,14216,16292,6509,14588,14417,14517,14447,14701,14744,14763,14337,15208,13059,15624,15406,14895,15455,15335,15353,16336,15251,15483,15110,14596
16:28:35,37,10977,12723,12790,13083,13081,12645,12277,12072,14566,11520,10921,10357,13424,OVRFLW,16064,OVRFLW,19057,OVRFLW,23192,OVRFLW,16430,OVRFLW,13364,13578,14006,OVRFLW,23370,OVRFLW,11835,OVRFLW,23792,OVRFLW,11733,OVRFLW,13885,14385,14135,6793,13750,OVRFLW,11586,OVRFLW,22651,OVRFLW,11745,OVRFLW,14217,14765,13935,6903,OVRFLW,24202,11451,29934,15382,34693,11986,27615,14250,14824,14055,15885,6661,14996,14639,15254,14767,14922,14849,15168,14324,14871,14088,16376,6509,14497,14361,14442,14353,14632,14625,14668,14343,15133,12956,15613,15351,14822,15294,15142,15238,16234,15030,15325,14931,14467
16:38:35,37,10952,12722,12791,13091,13068,12667,12262,12060,15517,11491,10870,10313,13405,OVRFLW,16134,OVRFLW,19158,OVRFLW,23205,OVRFLW,16433,OVRFLW,13357,13568,13949,OVRFLW,23572,OVRFLW,11848,OVRFLW,23864,OVRFLW,11773,OVRFLW,13932,14368,14146,6784,13744,OVRFLW,11641,OVRFLW,22818,OVRFLW,11841,OVRFLW,14245,14791,13951,6838,OVRFLW,24239,11432,30166,15345,34596,11990,27774,14331,14850,14172,15963,6669,15021,14687,15257,14856,14978,14859,15124,14287,14900,14184,16445,6547,14509,14357,14506,14409,14709,14673,14672,14305,15151,12915,15599,15364,14807,15394,15240,15248,16285,15085,15404,14999,14529
16:48:35,37,10884,12700,12768,13101,13043,12637,12253,12069,16404,11479,10842,10285,13458,OVRFLW,16177,OVRFLW,19161,OVRFLW,23246,OVRFLW,16541,OVRFLW,13417,13549,13948,OVRFLW,23536,OVRFLW,11826,OVRFLW,23886,OVRFLW,11745,OVRFLW,13998,14428,14175,6822,13855,OVRFLW,11739,OVRFLW,22802,OVRFLW,11880,OVRFLW,14290,14762,14015,6868,OVRFLW,24425,11436,30123,15350,34836,12021,28010,14352,14882,14094,16047,6697,15056,14774,15353,14856,15048,14911,15178,14413,14899,14191,16443,6548,14586,14468,14570,14425,14749,14763,14720,14335,15150,12897,15657,15398,14865,15394,15260,15311,16254,15152,15397,15063,14547
16:58:35,37,10849,12731,12773,13155,13069,12672,12221,12111,17362,11454,10812,10187,13414,OVRFLW,16221,OVRFLW,19239,OVRFLW,23367,OVRFLW,16575,OVRFLW,13485,13617,14028,OVRFLW,23767,OVRFLW,11898,OVRFLW,24052,OVRFLW,11765,OVRFLW,14051,14428,14174,6826,13904,OVRFLW,11710,OVRFLW,22946,OVRFLW,11846,OVRFLW,14326,14839,14005,6901,OVRFLW,24500,11538,30459,15487,35182,12045,28007,14306,14877,14099,16073,6701,15025,14792,15343,14900,14989,14919,15282,14408,14935,14134,16516,6563,14682,14474,14488,14430,14791,14740,14770,14406,15192,12840,15593,15447,14842,15391,15277,15306,16333,15137,15440,15085,14595
17:08:35,37,10752,12663,12786,13082,13018,12575,12168,11994,18185,11414,10748,10107,13368,OVRFLW,16276,OVRFLW,19240,OVRFLW,23330,OVRFLW,16558,OVRFLW,13343,13479,13971,OVRFLW,23723,OVRFLW,11892,OVRFLW,23903,OVRFLW,11776,OVRFLW,13980,14407,14075,6866,13954,OVRFLW,11698,OVRFLW,22890,OVRFLW,11845,OVRFLW,14284,14832,13961,6862,OVRFLW,24525,11498,30360,15324,34864,12018,28029,14294,14792,14024,16000,6690,14972,14736,15296,14847,15029,14956,15222,14349,14875,14134,16480,6517,14555,14397,14477,14402,14720,14747,14714,14342,15181,12816,15586,15357,14873,15342,15262,15381,16292,15143,15373,15035,14376
17:18:35,37,10731,12608,12697,13029,12994,12597,12136,11908,19082,11316,10674,9971,13325,OVRFLW,16255,OVRFLW,19171,OVRFLW,23293,OVRFLW,16562,OVRFLW,13430,13415,13973,OVRFLW,23773,OVRFLW,11911,OVRFLW,24010,OVRFLW,11787,OVRFLW,13970,14398,14073,6827,13909,OVRFLW,11702,OVRFLW,22858,OVRFLW,11800,OVRFLW,14267,14794,13920,6875,OVRFLW,24496,11515,30231,15351,35077,12015,27959,14265,14825,14012,16072,6720,14981,14792,15337,14887,15001,14908,15200,14382,14785,14054,16606,6529,14573,14377,14523,14350,14715,14769,14641,14293,15088,12810,15502,15401,14851,15334,15262,15261,16225,15136,15423,15062,14382
17:28:35,37,10668,12538,12662,12999,12910,12514,12078,11912,20089,11229,10580,9848,13277,OVRFLW,16255,OVRFLW,19198,OVRFLW,23170,OVRFLW,16529,OVRFLW,13319,13419,13900,OVRFLW,23703,OVRFLW,11852,OVRFLW,23992,OVRFLW,11718,OVRFLW,13918,14303,13970,6848,13881,OVRFLW,11684,OVRFLW,22814,OVRFLW,11789,OVRFLW,14216,14753,13880,6893,OVRFLW,24554,11480,30443,15432,35007,11973,28047,14249,14760,14009,16056,6674,15000,14632,15268,14808,14915,14886,15158,14286,14774,13969,16587,6525,14554,14381,14511,14346,14695,14678,14668,14246,15053,12682,15470,15268,14801,15261,15129,15175,16257,15074,15314,14965,14328
17:38:35,37,10584,12437,12598,12912,12858,12451,12003,11816,21051,11132,10461,9691,13230,OVRFLW,16232,OVRFLW,19130,OVRFLW,23137,OVRFLW,16496,OVRFLW,13292,13350,13782,OVRFLW,23635,OVRFLW,11861,OVRFLW,23837,OVRFLW,11666,OVRFLW,13851,14200,13911,6771,13874,OVRFLW,11581,OVRFLW,22797,OVRFLW,11766,OVRFLW,14161,14729,13817,6865,OVRFLW,24486,11416,30259,15277,34821,11910,28050,14176,14683,13903,16022,6661,14870,14608,15201,14749,14908,14754,15101,14243,14703,13930,16425,6518,14518,14293,14419,14302,14615,14585,14564,14254,14937,12560,15396,15180,14738,15225,15117,15105,16179,15042,15286,14904,14225
17:48:35,37,10355,12360,12507,12769,12751,12302,11850,11757,22163,11043,10342,9543,13060,OVRFLW,16160,OVRFLW,18997,OVRFLW,23007,OVRFLW,16366,OVRFLW,13148,13146,13685,OVRFLW,23502,OVRFLW,11702,OVRFLW,23665,OVRFLW,11623,OVRFLW,13744,14121,13830,6757,13801,OVRFLW,11516,OVRFLW,22629,OVRFLW,11671,OVRFLW,14064,14518,13726,6812,OVRFLW,24298,11373,29999,15179,34477,11833,27910,14077,14554,13789,15987,6621,14820,14591,15084,14623,14789,14670,14991,14059,14613,13792,16423,6444,14386,14244,14365,14204,14470,14580,14531,14123,14855,12473,15306,15094,14596,15073,15052,15018,16068,14888,15182,14811,14181
17:58:35,36.9,10271,12279,12365,12700,12707,12225,11796,11626,22622,10930,10229,9454,13049,OVRFLW,16049,OVRFLW,18971,OVRFLW,22935,OVRFLW,16330,OVRFLW,13094,13168,13672,OVRFLW,23530,OVRFLW,11671,OVRFLW,23632,OVRFLW,11522,OVRFLW,13704,14016,13824,6748,13798,OVRFLW,11580,OVRFLW,22594,OVRFLW,11611,OVRFLW,14016,14484,13668,6803,OVRFLW,24357,11346,30037,15203,34320,11801,27919,14033,14520,13751,15963,6611,14770,14506,14978,14619,14722,14648,14927,14051,14561,13802,16409,6450,14356,14246,14275,14128,14421,14477,14423,14146,14836,12397,15220,15035,14556,15017,14893,14995,15988,14793,15086,14692,14015
18:08:35,37,10141,12126,12302,12584,12585,12079,11675,11437,23821,10760,10157,9318,12955,OVRFLW,16025,OVRFLW,18818,OVRFLW,22817,OVRFLW,16208,OVRFLW,12968,12970,13532,OVRFLW,23335,OVRFLW,11584,OVRFLW,23465,OVRFLW,11440,OVRFLW,13582,13949,13648,6708,13647,OVRFLW,11386,OVRFLW,22457,OVRFLW,11567,OVRFLW,13873,14307,13512,6739,OVRFLW,24044,11243,29929,15007,34344,11682,27705,13888,14358,13632,15846,6532,14619,14350,14865,14425,14586,14543,14803,14004,14406,13568,16296,6383,14178,14021,14158,14030,14336,14384,14302,13940,14671,12257,15100,14892,14409,14884,14761,14839,15799,14776,14974,14539,13874
18:18:35,37,10038,12028,12092,12465,12443,11995,11535,11360,24321,10613,9930,9085,12778,OVRFLW,15859,OVRFLW,18673,OVRFLW,22547,OVRFLW,16056,OVRFLW,12849,12811,13389,OVRFLW,23216,OVRFLW,11471,OVRFLW,23228,OVRFLW,11395,OVRFLW,13506,13787,13521,6614,13584,OVRFLW,11279,OVRFLW,22310,OVRFLW,11444,OVRFLW,13767,14237,13425,6661,OVRFLW,24033,11116,29607,14881,34031,11638,27497,13731,14238,13511,15764,6480,14477,14254,14787,14341,14493,14412,14662,13878,14268,13437,16144,6352,14144,13926,13984,13915,14160,14211,14191,13882,14505,12101,14908,14743,14251,14715,14643,14709,15662,14639,14830,14453,13724
18:28:35,37,9881,11914,11997,12346,12361,11876,11415,11239,25111,10536,9866,8967,12697,OVRFLW,15823,OVRFLW,18573,OVRFLW,22423,OVRFLW,16053,OVRFLW,12774,12755,13270,OVRFLW,23050,OVRFLW,11434,OVRFLW,23163,OVRFLW,11247,OVRFLW,13314,13603,13427,6602,13435,OVRFLW,11237,OVRFLW,22161,OVRFLW,11351,OVRFLW,13689,14117,13296,6645,OVRFLW,23830,11072,29455,14752,33745,11560,27390,13716,14125,13373,15669,6485,14400,14121,14649,14292,14453,14324,14602,13798,14148,13333,16071,6308,14046,13828,13899,13872,14085,14049,14056,13746,14389,11931,14832,14680,14144,14630,14507,14587,15562,14532,14724,14350,13630
