Time,"T° Read 3:540/25,590/20",A1,A2,A3,A4,A5,A6,A7,A8,A9,A10,A11,A12,B1,B2,B3,B4,B5,B6,B7,B8,B9,B10,B11,B12,C1,C2,C3,C4,C5,C6,C7,C8,C9,C10,C11,C12,D1,D2,D3,D4,D5,D6,D7,D8,D9,D10,D11,D12,E1,E2,E3,E4,E5,E6,E7,E8,E9,E10,E11,E12,F1,F2,F3,F4,F5,F6,F7,F8,F9,F10,F11,F12,G1,G2,G3,G4,G5,G6,G7,G8,G9,G10,G11,G12,H1,H2,H3,H4,H5,H6,H7,H8,H9,H10,H11,H12
0:09:17,37,16742,16746,16758,16713,16715,16577,16537,16908,16256,16584,16482,16864,16500,16359,16854,16756,16700,16449,16952,17066,16716,16077,16416,16618,16480,16882,16577,16407,16720,16300,16727,16781,16616,16648,16297,16504,16390,16363,16539,15992,16226,16041,16457,16590,16476,16550,16238,16740,16466,16299,16308,15971,16208,16072,16432,16472,16358,16344,16117,16564,16421,16451,16371,15961,15875,16093,16197,15938,16008,16226,16223,16644,16633,16540,16261,16058,15811,15739,15731,15798,15538,16307,16449,16656,16390,16592,16754,16110,16054,16009,15878,16580,15680,16168,16280,16421
0:19:17,37,16578,16589,16582,16596,16506,16477,16311,16682,16045,16469,16315,16678,16481,16224,16739,16641,16603,16372,16863,16969,16756,15932,16321,16584,16417,16844,16670,16496,16809,16334,16837,16800,16631,16760,16258,16494,16355,16427,16651,16284,16491,16299,16683,16734,16629,16730,16389,16649,16382,16341,16555,16106,16287,16130,16674,16563,16673,16710,16273,16518,16396,16436,16543,16167,16112,16274,16335,16172,16276,16424,16266,16562,16538,16475,16387,16197,15975,15969,16038,16068,15787,16438,16377,16563,16338,16438,16708,16022,16083,15937,15881,16482,15571,16126,16181,16382
0:29:17,37,16569,16526,16539,16546,16535,16467,16363,16695,16072,16417,16351,16629,16411,16222,16854,16627,16560,16359,16762,16898,16729,15970,16291,16542,16449,16803,16689,16521,16846,16361,16798,16812,16678,16726,16282,16430,16382,16463,16680,16334,16503,16296,16752,16763,16670,16782,16353,16714,16432,16397,16573,16212,16321,16143,16761,16585,16695,16698,16190,16567,16380,16441,16611,16266,16282,16343,16572,16330,16428,16417,16263,16559,16587,16548,16394,16129,16090,15971,16031,16077,15800,16500,16452,16642,16297,16485,16714,16110,16039,15945,15829,16496,15672,16159,16185,16391
0:39:17,37,16513,16560,16548,16562,16558,16448,16376,16693,16080,16464,16281,16614,16389,16210,16857,16626,16467,16334,16746,16878,16657,15852,16251,16597,16377,16767,16704,16450,16840,16291,16746,16749,16651,16648,16248,16382,16342,16387,16711,16198,16401,16268,16672,16719,16595,16726,16283,16644,16414,16387,16555,16175,16340,16110,16708,16472,16632,16651,16221,16513,16368,16466,16480,16194,16269,16422,16449,16319,16340,16432,16219,16504,16493,16607,16377,16192,16030,16028,15972,16056,15820,16446,16393,16571,16313,16430,16636,16052,16023,15908,15843,16480,15641,16080,16216,16351
0:49:17,37,16576,16558,16549,16628,16588,16489,16406,16755,16119,16535,16334,16711,16436,16194,16867,16660,16504,16320,16669,16895,16656,15871,16301,16587,16411,16758,16754,16488,16867,16273,16702,16753,16628,16699,16159,16404,16316,16469,16693,16235,16456,16255,16632,16664,16640,16732,16348,16669,16336,16369,16560,16223,16332,16112,16703,16551,16685,16699,16270,16545,16411,16551,16494,16204,16258,16421,16449,16302,16342,16416,16273,16505,16582,16608,16355,16187,16002,16111,15951,16024,15773,16355,16474,16603,16286,16467,16700,16036,16036,15925,15878,16592,15639,16045,16198,16359
0:59:17,37,16648,16662,16634,16567,16540,16493,16404,16767,16115,16435,16317,16704,16461,16179,16932,16685,16455,16331,16693,16835,16649,15872,16324,16579,16489,16732,16925,16532,16852,16299,16676,16756,16689,16634,16245,16448,16386,16425,16742,16249,16520,16204,16578,16704,16675,16769,16273,16640,16476,16385,16511,16269,16382,16151,16771,16556,16635,16718,16323,16563,16375,16670,16535,16280,16255,16443,16520,16334,16342,16438,16261,16518,16522,16841,16306,16238,16026,16069,15999,16064,15797,16485,16429,16628,16347,16504,16692,16050,16050,15953,15896,16560,15604,16078,16164,16398
1:09:17,37,16489,16538,16523,16497,16537,16410,16290,16691,16032,16455,16285,16655,16358,16101,17017,16623,16406,16268,16595,16783,16674,15815,16269,16483,16329,16619,16906,16432,16899,16256,16568,16637,16605,16542,16237,16459,16353,16438,16662,16193,16446,16186,16468,16573,16596,16670,16261,16666,16386,16300,16562,16162,16375,16020,16646,16438,16636,16649,16222,16478,16355,16666,16440,16137,16163,16387,16499,16244,16350,16370,16194,16482,16475,16875,16327,16128,16007,15982,15995,16006,15816,16348,16456,16550,16324,16415,16635,16010,15964,15935,15786,16459,15561,16019,16195,16314
1:19:17,37,16546,16531,16551,16516,16484,16401,16294,16628,16048,16421,16258,16594,16431,16074,17236,16592,16404,16244,16552,16667,16654,15832,16295,16533,16477,16720,17086,16425,16943,16174,16578,16563,16665,16637,16222,16467,16345,16490,16721,16148,16452,16248,16465,16511,16652,16773,16310,16684,16430,16396,16594,16226,16378,16069,16754,16435,16697,16659,16237,16512,16342,16808,16505,16234,16283,16397,16447,16349,16333,16454,16226,16507,16625,17039,16362,16181,16054,16003,16016,16079,15811,16417,16418,16575,16334,16395,16727,16049,16031,15943,15930,16526,15661,16089,16164,16426
1:29:17,37,16494,16579,16587,16565,16488,16501,16364,16703,16076,16431,16322,16680,16445,16093,17303,16584,16294,16247,16578,16700,16713,15861,16302,16601,16413,16644,17335,16370,16890,16231,16502,16559,16734,16576,16196,16431,16407,16499,16716,16177,16491,16175,16363,16511,16718,16789,16297,16695,16415,16363,16655,16201,16404,16066,16783,16456,16666,16712,16254,16552,16294,17056,16480,16232,16308,16408,16502,16350,16370,16435,16354,16585,16576,17315,16420,16177,16082,16000,15989,16154,15806,16456,16419,16629,16334,16468,16757,16074,16040,15928,15918,16540,15638,16081,16148,16400
1:39:17,37,16679,16590,16528,16522,16590,16450,16287,16783,16148,16484,16333,16590,16404,16089,17534,16555,16301,16196,16471,16660,16658,15779,16252,16582,16472,16611,17567,16362,16929,16168,16452,16621,16686,16512,16260,16465,16364,16416,16695,16158,16499,16108,16366,16551,16718,16754,16332,16702,16438,16468,16629,16149,16361,16080,16750,16558,16675,16709,16279,16496,16391,17266,16516,16308,16304,16446,16482,16328,16442,16396,16293,16489,16660,17587,16407,16191,15982,16076,15967,16153,15818,16485,16486,16584,16362,16494,16699,16074,16067,15983,15909,16542,15607,16132,16184,16358
1:49:17,37,16606,16617,16621,16599,16633,16483,16412,16734,16145,16512,16375,16736,16516,16216,17780,16634,16325,16250,16431,16670,16717,15779,16366,16563,16421,16695,17859,16381,16971,16226,16425,16532,16724,16531,16250,16580,16391,16506,16619,16166,16534,16242,16349,16495,16718,16757,16355,16685,16508,16412,16617,16258,16429,16228,16817,16781,16710,16727,16220,16509,16382,17579,16569,16274,16246,16474,16582,16327,16389,16447,16267,16616,16594,17941,16390,16166,16074,16052,16029,16089,15828,16508,16442,16555,16357,16509,16733,16085,16080,15992,15897,16558,15650,16104,16210,16397
1:59:17,37,16607,16653,16589,16653,16622,16472,16423,16722,16149,16498,16417,16706,16504,16144,18235,16584,16268,16232,16376,16682,16794,15808,16292,16550,16438,16715,18297,16386,16985,16176,16427,16581,16785,16528,16302,16508,16431,16527,16632,16206,16563,16133,16456,16535,16740,16815,16367,16679,16429,16474,16679,16326,16399,16384,16801,17032,16731,16777,16271,16634,16348,17895,16514,16331,16350,16538,16519,16414,16338,16468,16300,16540,16609,18386,16412,16203,16081,16067,16027,16131,15853,16484,16483,16646,16370,16509,16775,16025,16127,15936,15948,16556,15730,16150,16236,16439
2:09:17,37,16548,16591,16549,16579,16545,16474,16395,16770,16019,16441,16313,16708,16460,16043,18619,16455,16171,16223,16379,16630,16650,15728,16296,16548,16464,16840,18748,16342,16970,16125,16425,16610,16634,16490,16289,16408,16355,16545,16680,16097,16603,16104,16501,16580,16684,16799,16393,16723,16468,16448,16687,16423,16464,16613,16776,17356,16675,16727,16273,16532,16351,18293,16580,16344,16294,16420,16503,16290,16392,16488,16224,16515,16569,18881,16419,16165,16086,16066,15981,16096,15841,16425,16485,16601,16360,16443,16737,16146,16091,15978,15904,16519,15686,16101,16210,16393
2:19:17,37,16592,16528,16601,16519,16482,16385,16356,16711,15999,16459,16342,16689,16433,16292,19067,16449,16175,16284,16379,16647,16695,15683,16281,16569,16399,16859,19258,16268,16927,16185,16411,16636,16655,16435,16174,16453,16352,16491,16642,16041,16609,16108,16524,16580,16679,16791,16344,16708,16453,16397,16498,16618,16367,17029,16747,17703,16714,16747,16228,16521,16342,18848,16518,16288,16203,16441,16499,16253,16367,16430,16281,16557,16590,19532,16398,16102,16066,16020,15959,16143,15816,16436,16467,16701,16372,16484,16708,16038,16068,15984,15939,16551,15632,16082,16216,16375
2:29:17,37,16600,16574,16583,16574,16562,16456,16370,16765,16119,16485,16349,16701,16478,16339,19752,16498,16206,16360,16416,16879,16781,15728,16318,16571,16468,17024,19837,16305,16983,16293,16530,16644,16742,16501,16312,16544,16424,16484,16618,16064,16566,16186,16617,16743,16738,16790,16364,16755,16468,16469,16663,16979,16468,17427,16812,18222,16723,16776,16355,16497,16401,19535,16586,16284,16236,16408,16525,16421,16430,16487,16318,16612,16650,20413,16440,16218,16094,16071,16018,16129,15817,16525,16481,16679,16357,16528,16758,16169,16136,16003,15913,16561,15666,16172,16291,16444
2:39:17,37,16638,16640,16634,16607,16590,16471,16430,16762,16118,16504,16391,16667,16494,16446,20481,16417,16235,16420,16491,16884,16724,15788,16340,16642,16472,17101,20402,16291,17039,16366,16544,16775,16689,16547,16300,16482,16411,16549,16615,16073,16578,16205,16570,16808,16662,16775,16415,16782,16450,16468,16681,17368,16475,17854,16820,18755,16786,16803,16364,16605,16441,20276,16661,16234,16307,16533,16586,16390,16488,16511,16301,16579,16688,21172,16471,16191,16070,16099,16035,16136,15874,16424,16482,16710,16425,16589,16838,16127,16126,16002,15927,16622,15728,16185,16234,16416
2:49:17,36.9,16530,16560,16561,16568,16501,16464,16325,16729,16117,16454,16299,16607,16456,16447,21264,16361,16268,16508,16448,16968,16752,15838,16268,16571,16440,17143,20991,16193,16988,16474,16514,16828,16709,16546,16206,16440,16245,16490,16483,15980,16485,16292,16506,16920,16680,16730,16296,16680,16403,16430,16551,17641,16405,18300,16706,19363,16744,16756,16295,16546,16411,21149,16589,16227,16229,16446,16480,16329,16395,16404,16262,16541,16526,22116,16405,16138,16110,15985,15999,16061,15902,16398,16364,16616,16317,16508,16748,16093,16066,15923,15939,16561,15658,16148,16193,16359
2:59:17,37,16573,16657,16618,16548,16523,16502,16383,16744,16111,16464,16372,16695,16473,16670,22276,16466,16392,16638,16630,17077,16785,15914,16354,16538,16524,17217,21841,16191,17035,16575,16609,16936,16776,16698,16296,16503,16431,16589,16583,16156,16528,16395,16674,17069,16683,16793,16360,16659,16467,16439,16685,18120,16462,18933,16741,20076,16735,16827,16294,16574,16441,22183,16611,16282,16349,16450,16636,16402,16461,16466,16315,16617,16595,23218,16544,16201,16108,16095,16088,16108,15812,16535,16481,16687,16406,16538,16790,16168,16138,16018,15928,16580,15729,16103,16239,16435
3:09:17,36.9,16558,16561,16621,16633,16573,16449,16420,16759,16078,16490,16392,16733,16421,16740,23455,16380,16409,16774,16690,17147,16696,15968,16316,16636,16473,17389,22585,16212,17029,16704,16650,17083,16768,16749,16253,16516,16351,16582,16549,16166,16617,16420,16708,17163,16769,16813,16410,16740,16510,16482,16654,18655,16456,19665,16788,21021,16719,16747,16276,16585,16364,23285,16623,16300,16280,16406,16548,16311,16432,16428,16295,16567,16565,24428,16473,16266,16115,16094,15999,16064,15859,16535,16536,16659,16357,16570,16729,16087,16176,15994,15920,16576,15681,16124,16267,16443
3:19:17,37,16578,16611,16567,16536,16588,16469,16351,16653,16072,16441,16271,16685,16449,16773,24615,16352,16496,16892,16731,17250,16688,16076,16334,16599,16450,17496,23500,16225,17057,16773,16660,17172,16703,16901,16245,16479,16400,16571,16441,16217,16582,16569,16737,17171,16747,16756,16327,16684,16445,16532,16663,19341,16429,20466,16784,22075,16687,16723,16216,16519,16387,24497,16637,16328,16333,16425,16498,16349,16399,16541,16294,16545,16584,25803,16463,16158,16114,16077,16007,16143,15841,16486,16479,16627,16320,16506,16760,16148,16087,15936,15951,16609,15679,16123,16187,16410
3:29:17,37,16565,16597,16597,16632,16546,16444,16371,16731,16085,16472,16332,16686,16480,16940,25964,16505,16494,16975,16707,17394,16770,16180,16401,16563,16488,17629,24688,16335,17088,16835,16708,17249,16678,17013,16322,16495,16370,16520,16451,16300,16604,16687,16723,17235,16715,16766,16385,16794,16426,16540,16637,20052,16473,21393,16848,23349,16761,16750,16295,16516,16303,25930,16653,16318,16289,16511,16556,16341,16427,16451,16254,16627,16653,27395,16558,16238,16118,16133,16108,16113,15914,16504,16445,16622,16399,16561,16812,16110,16120,16022,15946,16664,15721,16189,16253,16455
3:39:17,37,16588,16518,16614,16552,16593,16465,16361,16717,16042,16466,16295,16582,16402,16954,27467,16488,16488,16995,16657,17436,16750,16224,16275,16518,16443,17762,25883,16304,17050,16906,16726,17296,16720,17131,16256,16470,16336,16504,16370,16443,16515,16809,16715,17327,16726,16805,16317,16760,16479,16508,16597,20839,16440,22513,16791,24888,16784,16734,16255,16517,16376,27468,16661,16328,16265,16469,16521,16313,16358,16438,16288,16543,16649,29025,16454,16215,16086,16118,15983,16058,15925,16436,16488,16614,16398,16528,16783,16055,16154,15989,15970,16583,15663,16082,16194,16396
3:49:17,37,16714,16631,16618,16603,16577,16479,16420,16808,16149,16544,16410,16721,16509,17126,29250,16629,16571,17183,16767,17590,16782,16383,16306,16634,16416,17847,27472,16456,17064,17021,16736,17368,16788,17170,16307,16506,16395,16533,16334,16561,16611,16870,16734,17473,16786,16841,16371,16759,16462,16523,16724,21928,16560,23855,16753,26949,16794,16815,16373,16644,16431,29298,16666,16292,16303,16480,16579,16365,16465,16535,16326,16583,16574,30969,16475,16220,16096,16034,16068,16185,15927,16549,16518,16652,16403,16553,16798,16157,16158,15960,16004,16584,15743,16192,16260,16412
3:59:17,37,16630,16620,16644,16610,16543,16542,16398,16752,16190,16517,16350,16736,16476,17223,31069,16755,16631,17324,16740,17728,16836,16466,16331,16609,16549,18084,29095,16518,17027,17201,16800,17626,16735,17253,16269,16549,16444,16560,16260,16651,16596,16975,16742,17595,16743,16814,16436,16762,16503,16472,16707,23070,16464,25354,16803,29410,16819,16788,16288,16579,16429,31102,16677,16304,16319,16444,16580,16369,16455,16518,16259,16566,16578,32763,16511,16290,16069,16047,16003,16153,15904,16522,16482,16659,16401,16556,16811,16091,16171,15969,15919,16634,15780,16110,16263,16450
4:09:17,37,16562,16620,16646,16597,16550,16481,16387,16684,16116,16522,16311,16628,16448,17398,32988,16866,16671,17468,16776,17795,16811,16569,16299,16566,16498,18134,31234,16553,17060,17287,16844,17695,16755,17405,16322,16503,16375,16587,16277,16803,16608,17095,16789,17727,16775,16812,16385,16825,16508,16486,16680,24635,16519,27269,16770,32415,16764,16803,16348,16598,16427,33032,16650,16249,16354,16495,16546,16419,16437,16514,16277,16630,16599,35012,16507,16253,16029,16099,16047,16171,15878,16524,16509,16646,16336,16597,16853,16141,16151,15969,16004,16599,15744,16159,16279,16456
4:19:17,37,16523,16504,16494,16548,16451,16389,16270,16641,16074,16383,16292,16592,16407,17324,35155,16841,16640,17517,16778,17842,16709,16663,16333,16507,16434,18292,33934,16734,17029,17436,16849,17766,16739,17512,16322,16526,16420,16523,16281,16858,16580,17187,16970,17782,16763,16788,16392,16682,16385,16473,16640,26331,16525,29757,16854,35619,16776,16791,16283,16561,16420,35233,16680,16281,16301,16462,16633,16370,16437,16511,16308,16527,16576,37242,16519,16214,16048,15994,16060,16086,15894,16527,16476,16571,16377,16523,16833,16066,16130,16031,15958,16488,15651,16127,16243,16421
4:29:17,37,16522,16656,16625,16607,16564,16449,16377,16744,16061,16452,16309,16583,16447,17416,37411,16997,16738,17749,16888,18091,16771,16782,16320,16491,16401,18386,37253,16874,17043,17539,16858,17849,16766,17609,16280,16478,16358,16543,16337,17036,16548,17423,17440,17876,16714,16757,16396,16772,16508,16451,16660,28753,16419,33140,16773,39322,16798,16833,16324,16556,16427,37727,16656,16315,16310,16431,16568,16329,16505,16464,16325,16578,16618,40539,16481,16245,16044,16061,16027,16135,15930,16538,16545,16608,16442,16521,16790,16173,16153,16003,15988,16643,15701,16135,16234,16419
4:39:17,37,16643,16632,16653,16639,16599,16468,16418,16714,16172,16530,16370,16707,16471,17840,40175,17118,16790,17873,16935,18201,16761,16944,16299,16619,16489,18547,41200,17014,17045,17736,16929,17981,16729,17812,16309,16519,16400,16538,16389,17114,16609,17552,17449,18080,16753,16793,16374,16774,16421,16652,16684,31946,16506,36926,16856,43331,16802,16841,16281,16610,16456,40791,16756,16349,16274,16468,16562,16409,16437,16481,16287,16621,16640,44363,16566,16256,16137,16168,16123,16190,15949,16480,16611,16654,16430,16586,16829,16181,16132,15984,15925,16676,15752,16165,16260,16458
4:49:17,37,16609,16574,16617,16629,16618,16501,16371,16756,16112,16513,16311,16688,16460,17931,43224,17290,16739,17952,16898,18316,16800,17048,16412,16612,16483,18712,45447,17115,17054,17879,16933,18129,16766,17884,16309,16512,16403,16606,16414,17360,16575,17654,17501,18209,16764,16669,16361,16731,16438,16451,16720,35556,16528,40970,16769,47487,16762,16793,16258,16564,16405,44434,16678,16383,16319,16528,16576,16440,16465,16563,16389,16579,16622,48817,16547,16254,16164,16124,16072,16099,15925,16523,16545,16662,16386,16609,16827,16166,16161,16073,15999,16587,15737,16182,16295,16490
4:59:17,37,16544,16607,16590,16609,16588,16543,16387,16735,16062,16481,16283,16632,16482,18113,46882,17480,16748,18132,16852,18477,16722,17153,16282,16525,16477,18798,49991,17269,17082,18011,16849,18269,16713,18012,16305,16537,16422,16567,16499,17491,16545,17709,17444,18376,16755,16744,16357,16757,16465,16575,16724,39485,16502,45282,16768,52066,16814,16751,16260,16514,16404,48767,16663,16325,16353,16480,16546,16348,16462,16525,16292,16569,16575,53600,16526,16285,16130,16043,16074,16102,15927,16481,16472,16655,16314,16535,16801,16102,16116,15978,15917,16616,15712,16182,16274,16414
5:09:17,37,16626,16635,16663,16631,16667,16489,16368,16742,16165,16486,16336,16699,16560,18032,51374,17666,16843,18331,16961,18641,16804,17339,16407,16624,16509,19009,54839,17421,17137,18196,16904,18463,16773,18302,16268,16603,16457,16641,16618,17546,16582,18011,17698,18553,16762,16725,16426,16787,16518,16568,16707,43656,16603,49832,16814,57020,16836,16889,16363,16604,16453,53295,16732,16394,16369,16539,16615,16474,16498,16590,16306,16693,16649,58212,16529,16264,16147,16121,16079,16190,15889,16567,16545,16729,16399,16651,16829,16128,16133,16060,15964,16674,15739,16266,16326,16395
5:19:17,36.9,16662,16712,16724,16713,16653,16552,16482,16825,16184,16593,16439,16752,16503,18225,56093,17776,16956,18417,16955,18786,16877,17423,16404,16657,16541,19132,59797,17582,17124,18431,17022,18625,16811,18489,16340,16540,16524,16669,16666,17806,16615,18187,17836,18793,16798,16771,16458,16803,16540,16573,16786,47932,16562,54364,16904,62319,16856,16912,16340,16614,16455,57425,16746,16369,16366,16581,16607,16457,16510,16609,16346,16712,16646,62436,16611,16305,16217,16186,16164,16160,15961,16588,16632,16717,16438,16637,16860,16228,16237,16088,16033,16632,15847,16247,16329,16531
5:29:17,37,16682,16729,16647,16708,16660,16522,16446,16825,16125,16570,16399,16755,16523,18366,60270,17915,16904,18588,17010,19027,16870,17615,16401,16634,16570,19262,64853,17807,17175,18413,17024,18809,16886,18632,16378,16622,16483,16701,16727,17951,16675,18224,17729,18895,16833,16738,16459,16873,16528,16621,16798,52421,16598,59200,16841,67663,16864,16903,16395,16631,16516,61621,16765,16388,16371,16593,16662,16487,16545,16616,16395,16690,16680,66030,16620,16308,16220,16189,16172,16220,16007,16606,16572,16710,16463,16679,16924,16215,16212,16093,16063,16752,15886,16230,16328,16521
5:39:17,37,16575,16570,16629,16535,16571,16493,16374,16710,16072,16510,16313,16674,16470,18343,64352,18037,16898,18661,16983,19076,16749,17549,16339,16585,16461,19250,70069,17873,17088,18541,17024,18862,16748,18606,16298,16532,16426,16631,16726,18035,16612,18265,17681,19005,16817,16645,16407,16788,16474,16560,16757,56927,16529,64183,16839,73453,16845,16863,16360,16624,16445,64854,16746,16328,16415,16567,16574,16426,16455,16487,16344,16637,16639,69279,16597,16300,16143,16122,16058,16181,15962,16552,16521,16706,16374,16636,16835,16163,16171,16016,15971,16625,15802,16244,16316,16439
5:49:17,37,16661,16736,16786,16763,16626,16631,16457,16857,16288,16614,16466,16774,16568,18534,68175,18205,16985,18782,17077,19335,16855,17797,16369,16701,16605,19498,76110,18034,17160,18714,17019,19053,16846,18796,16385,16647,16516,16697,16832,18274,16693,18402,17777,19133,16856,16685,16461,16855,16514,16642,16847,62267,16687,69906,16878,80198,16941,16937,16427,16678,16502,68361,16832,16439,16432,16650,16686,16416,16537,16582,16443,16665,16708,72788,16706,16339,16185,16195,16161,16208,16009,16573,16617,16819,16557,16633,16968,16196,16232,16166,16027,16749,15860,16340,16456,16583
5:59:17,37,16594,16687,16666,16640,16584,16452,16364,16756,16188,16544,16370,16720,16502,18617,71420,18400,17008,18820,17000,19309,16832,17839,16370,16584,16613,19491,82351,18168,17079,18682,17162,19003,16772,18876,16299,16517,16425,16615,16940,18349,16582,18456,17756,19206,16833,16617,16385,16815,16530,16556,16772,67699,16574,75731,16829,86190,16836,16918,16323,16570,16410,71086,16727,16389,16359,16535,16647,16467,16512,16509,16361,16609,16674,75586,16608,16264,16139,16115,16092,16161,15976,16540,16554,16694,16426,16706,16890,16287,16168,16091,15980,16652,15811,16204,16281,16463
6:09:17,36.9,16616,16656,16715,16625,16562,16491,16388,16769,16188,16478,16359,16655,16546,18568,74681,18591,17043,18911,17070,19456,16843,17943,16389,16700,16542,19487,89265,18375,17081,18774,17108,19191,16761,18935,16369,16612,16419,16725,17069,18541,16689,18599,17651,19275,16765,16614,16429,16831,16589,16615,16835,74155,16633,82172,16899,92030,16886,16918,16448,16638,16439,74140,16839,16374,16455,16576,16700,16534,16535,16595,16344,16684,16664,78508,16632,16259,16240,16193,16123,16254,15971,16612,16528,16816,16395,16665,16887,16200,16233,16130,16013,16700,15811,16252,16317,16522
6:19:17,37,16536,16543,16567,16525,16505,16384,16283,16653,16048,16440,16295,16611,16514,18565,77350,18734,16894,18947,17038,19503,16741,18006,16419,16613,16555,19562,96344,18531,17138,18861,17165,19211,16844,19096,16339,16546,16455,16684,17060,18651,16678,18709,17666,19315,16827,16613,16481,16826,16551,16610,16855,81261,16665,89324,16870,97135,16895,16879,16424,16639,16550,76851,16813,16464,16434,16619,16633,16492,16496,16677,16436,16648,16677,81286,16709,16283,16229,16157,16127,16301,15997,16622,16587,16736,16472,16766,16933,16249,16267,16045,16060,16764,15861,16237,16372,16560
6:29:17,36.9,16603,16669,16695,16679,16559,16501,16414,16744,16114,16509,16349,16709,16441,18798,80028,18871,17059,19070,17161,19601,16809,18069,16425,16680,16511,19660,OVRFLW,18704,17140,18965,17173,19263,16747,19174,16387,16605,16420,16697,17136,18663,16631,18806,17622,19440,16840,16590,16455,16874,16507,16604,16786,87836,16658,95713,16946,OVRFLW,16909,16859,16386,16590,16537,79279,16845,16446,16396,16578,16653,16521,16540,16646,16451,16674,16757,83550,16626,16303,16234,16157,16135,16218,16024,16619,16589,16726,16444,16614,16892,16204,16190,16079,16071,16686,15887,16258,16397,16540
6:39:17,37,16588,16731,16677,16714,16646,16520,16471,16798,16120,16555,16399,16678,16601,18865,82549,19040,17125,19146,17196,19767,16898,18217,16472,16766,16598,19721,OVRFLW,18872,17129,19108,17217,19518,16902,19270,16401,16657,16524,16731,17199,18903,16770,18924,17414,19613,16863,16713,16503,16898,16611,16708,16847,93948,16692,OVRFLW,16938,OVRFLW,16941,16945,16442,16668,16499,81825,16894,16495,16473,16660,16719,16588,16624,16650,16467,16725,16781,85785,16670,16384,16262,16200,16236,16279,16097,16666,16648,16769,16472,16780,16968,16240,16244,16176,16082,16785,15879,16320,16407,16602
6:49:17,37,16680,16717,16741,16746,16646,16584,16505,16835,16091,16587,16476,16818,16587,18804,84997,19157,17178,19313,17218,19820,16868,18272,16473,16717,16609,19838,OVRFLW,18954,17166,19157,17212,19508,16919,19359,16447,16658,16520,16843,17301,18990,16697,18968,17617,19658,16891,16762,16544,16858,16608,16690,16898,OVRFLW,16754,OVRFLW,16895,OVRFLW,16935,16958,16473,16734,16572,84065,16867,16551,16503,16663,16685,16512,16584,16648,16416,16719,16764,88097,16724,16410,16212,16266,16278,16300,16069,16622,16714,16797,16514,16753,16981,16329,16291,16183,16142,16750,15884,16327,16466,16618
6:59:17,37,16770,16789,16870,16783,16708,16583,16509,16859,16285,16617,16502,16739,16614,18869,86970,19343,17136,19356,17238,19978,16959,18386,16534,16744,16627,19979,OVRFLW,19151,17211,19214,17289,19633,16889,19490,16442,16671,16573,16747,17335,19048,16829,19063,17537,19728,16902,16927,16549,16965,16568,16722,16924,OVRFLW,16723,OVRFLW,17055,OVRFLW,17015,16928,16541,16809,16556,86455,16887,16539,16499,16729,16747,16576,16640,16704,16562,16800,16795,90256,16763,16465,16256,16359,16213,16323,16097,16757,16746,16850,16587,16720,16966,16279,16335,16165,16115,16780,15992,16398,16423,16642
7:09:17,37,16665,16691,16750,16718,16588,16538,16437,16868,16161,16596,16427,16704,16601,18936,89228,19467,17191,19440,17257,19894,16885,18458,16466,16716,16606,19913,OVRFLW,19242,17148,19161,17354,19649,16857,19543,16447,16667,16519,16769,17442,19192,16791,19168,17574,19839,16842,17020,16550,16855,16649,16746,16884,OVRFLW,16673,OVRFLW,17013,OVRFLW,16958,16930,16464,16772,16607,88104,16858,16532,16470,16671,16738,16585,16549,16671,16474,16780,16761,92244,16749,16406,16286,16279,16210,16288,16093,16712,16628,16845,16577,16718,17004,16342,16305,16148,16115,16865,15878,16392,16388,16660
7:19:17,37,16655,16728,16752,16650,16629,16536,16376,16854,16133,16578,16432,16741,16569,18860,91149,19499,17174,19370,17217,19980,16818,18419,16441,16733,16507,19879,OVRFLW,19373,17042,19247,17258,19607,16808,19507,16357,16645,16481,16806,17360,19146,16716,19096,17505,19837,16822,17021,16498,16870,16588,16679,16839,OVRFLW,16660,OVRFLW,16872,OVRFLW,16901,16873,16368,16678,16529,89872,16898,16456,16449,16623,16671,16474,16603,16637,16442,16694,16784,93731,16738,16374,16282,16220,16149,16318,16005,16644,16681,16770,16528,16700,16943,16176,16219,16227,16069,16730,15876,16359,16341,16577
7:29:17,37,16800,16777,16878,16803,16772,16655,16543,16914,16303,16715,16496,16857,16596,18928,93155,19600,17353,19520,17360,20090,16953,18653,16545,16752,16704,20075,OVRFLW,19501,17275,19476,17313,19791,16959,19689,16552,16708,16580,16889,17481,19333,16905,19313,17597,19910,16897,17249,16628,16933,16580,16685,17047,OVRFLW,16823,OVRFLW,17065,OVRFLW,17044,16900,16484,16797,16641,91669,16935,16538,16480,16732,16762,16576,16657,16653,16516,16817,16788,95538,16772,16443,16351,16326,16328,16351,16174,16744,16697,16857,16556,16853,17069,16297,16372,16236,16163,16811,15971,16421,16457,16735
7:39:17,36.9,16689,16797,16805,16811,16699,16621,16478,16878,16257,16609,16435,16766,16644,19006,95154,19698,17358,19543,17405,20103,16892,18607,16500,16762,16637,20030,OVRFLW,19540,17222,19536,17321,19922,16975,19740,16528,16755,16624,16883,17533,19383,16711,19263,17499,19957,16991,17356,16598,16945,16704,16777,16930,OVRFLW,16781,OVRFLW,16960,OVRFLW,17032,16915,16518,16800,16690,93342,16970,16626,16547,16753,16823,16634,16611,16735,16541,16840,16845,97355,16846,16469,16313,16378,16300,16421,16128,16747,16736,16847,16607,16807,17082,16397,16273,16231,16192,16795,15972,16444,16468,16592
7:49:17,37,16771,16786,16878,16829,16756,16619,16568,16904,16187,16637,16493,16790,16641,19023,96610,19806,17348,19648,17390,20205,16849,18733,16555,16847,16715,20122,OVRFLW,19687,17246,19614,17390,19852,16951,19835,16525,16738,16663,16850,17495,19417,16838,19380,17553,19994,16958,17467,16581,16961,16670,16806,16966,OVRFLW,16773,OVRFLW,17014,OVRFLW,17037,16941,16539,16866,16581,94873,17015,16608,16538,16766,16810,16637,16664,16733,16532,16803,16840,OVRFLW,16855,16452,16358,16314,16263,16355,16109,16705,16782,16899,16558,16821,17015,16391,16313,16249,16175,16904,15984,16353,16539,16641
7:59:17,37,16761,16819,16813,16753,16774,16607,16443,16893,16208,16596,16486,16793,16648,19214,OVRFLW,19864,17366,19675,17406,20302,16902,18745,16525,16815,16653,20185,OVRFLW,19724,17282,19631,17374,19900,16933,19856,16515,16734,16560,16935,17523,19481,16811,19386,17559,20075,16920,17498,16596,16913,16708,16725,16969,OVRFLW,16831,OVRFLW,17002,OVRFLW,17046,16904,16505,16778,16634,96559,16998,16542,16600,16739,16806,16615,16644,16799,16444,16825,16850,OVRFLW,16850,16432,16291,16294,16204,16345,16158,16741,16737,16846,16498,16802,17002,16343,16392,16227,16190,16808,16008,16417,16444,16628
8:09:17,37,16692,16741,16739,16718,16647,16550,16425,16818,16172,16543,16429,16765,16600,19089,OVRFLW,19862,17358,19722,17340,20336,16793,18741,16473,16746,16653,20157,OVRFLW,19712,17134,19625,17434,19967,16857,19854,16408,16707,16543,16851,17594,19462,16749,19449,17547,20133,16960,17488,16551,16923,16517,16794,16902,OVRFLW,16773,OVRFLW,16966,OVRFLW,17009,16842,16468,16755,16609,97771,16955,16594,16534,16703,16739,16590,16629,16686,16482,16669,16731,OVRFLW,16782,16415,16261,16285,16228,16335,16127,16660,16647,16823,16463,16816,17050,16296,16382,16192,16166,16797,15966,16326,16420,16623
8:19:17,36.9,16718,16741,16756,16752,16761,16646,16524,16830,16179,16643,16572,16819,16679,19170,OVRFLW,20045,17403,19812,17470,20380,16862,18789,16534,16734,16664,20287,OVRFLW,19894,17247,19652,17526,20010,16948,19967,16465,16755,16595,16939,17721,19603,16826,19651,17624,20241,16981,17739,16650,17002,16691,16860,17026,OVRFLW,16851,OVRFLW,17038,OVRFLW,17067,16848,16454,16811,16660,OVRFLW,17068,16595,16617,16790,16830,16622,16656,16734,16563,16862,16846,OVRFLW,16901,16503,16436,16385,16229,16381,16239,16724,16734,16878,16660,16853,17102,16391,16393,16263,16223,16908,15989,16416,16517,16659
8:29:17,37,16721,16863,16843,16822,16733,16604,16591,16984,16251,16694,16611,16838,16682,19141,OVRFLW,20163,17504,19876,17425,20487,16864,18969,16608,16817,16713,20342,OVRFLW,19888,17311,19784,17509,20051,17004,20113,16531,16772,16668,16904,17734,19714,16914,19632,17628,20194,17000,17870,16654,16988,16714,16826,17000,OVRFLW,16818,OVRFLW,17062,OVRFLW,17086,16920,16566,16818,16712,OVRFLW,17076,16640,16615,16829,16830,16697,16685,16823,16562,16835,16905,OVRFLW,16822,16491,16379,16405,16326,16428,16140,16787,16800,16927,16589,16815,17071,16354,16379,16226,16222,16957,15981,16358,16508,16688
8:39:17,37,16767,16836,16807,16825,16801,16629,16580,16866,16287,16689,16500,16807,16723,19208,OVRFLW,20096,17484,19835,17464,20503,16861,18925,16548,16750,16696,20320,OVRFLW,19951,17278,19729,17552,20121,17011,20028,16491,16732,16625,16927,17768,19761,16794,19726,17715,20277,16977,18054,16605,16952,16654,16833,17021,OVRFLW,16843,OVRFLW,17071,OVRFLW,17042,16911,16493,16848,16585,OVRFLW,17077,16669,16575,16800,16817,16610,16690,16731,16590,16878,16914,OVRFLW,16941,16466,16379,16319,16253,16355,16206,16773,16739,16851,16599,16797,17108,16379,16367,16268,16188,16945,15955,16436,16472,16766
8:49:17,37,16693,16853,16882,16819,16775,16652,16588,16963,16253,16699,16551,16798,16725,19327,OVRFLW,20181,17472,19941,17472,20590,16857,19039,16536,16847,16747,20319,OVRFLW,20046,17270,19830,17566,20206,17009,20151,16550,16827,16660,16896,17824,19838,16880,19808,17725,20412,17027,18098,16647,17018,16700,16875,17103,OVRFLW,16812,OVRFLW,17096,OVRFLW,17111,17095,16589,16872,16705,OVRFLW,17069,16591,16639,16845,16860,16727,16732,16760,16586,16881,16876,OVRFLW,16891,16580,16389,16391,16296,16415,16252,16777,16725,16928,16616,16961,17171,16397,16421,16316,16214,16946,16072,16456,16504,16695
8:59:17,37,16718,16759,16799,16784,16680,16636,16514,16893,16232,16615,16487,16767,16702,19409,OVRFLW,20104,17518,20013,17449,20495,16764,19052,16463,16785,16684,20280,OVRFLW,20092,17224,19856,17521,20178,16909,20117,16457,16725,16559,16857,17752,19845,16825,19820,17635,20324,16960,18212,16639,16989,16608,16852,16873,OVRFLW,16775,OVRFLW,17096,OVRFLW,17033,17201,16541,16759,16654,OVRFLW,17002,16551,16490,16724,16830,16698,16721,16812,16535,16839,16856,OVRFLW,16812,16470,16270,16334,16246,16359,16158,16763,16717,16834,16578,16788,17064,16361,16328,16231,16183,16878,15958,16400,16468,16626
9:09:17,37,16732,16750,16867,16834,16738,16666,16513,16848,16197,16615,16462,16810,16599,19204,OVRFLW,20262,17531,20055,17445,20574,16740,19099,16467,16782,16685,20260,OVRFLW,20164,17207,19847,17551,20190,16918,20155,16485,16717,16610,16888,17783,19873,16842,19869,17700,20380,16950,18363,16559,17030,16699,16870,16972,OVRFLW,16822,OVRFLW,17026,OVRFLW,17014,17548,16552,16823,16665,OVRFLW,17046,16640,16575,16745,16776,16625,16645,16773,16521,16817,16901,OVRFLW,16790,16485,16346,16321,16257,16397,16205,16738,16691,16889,16548,16856,17108,16353,16412,16257,16187,16851,15992,16393,16497,16653
9:19:17,37,16824,16932,16994,16859,16844,16644,16570,16986,16301,16726,16588,16911,16692,19409,OVRFLW,20322,17646,20216,17605,20730,16779,19232,16644,16947,16707,20468,OVRFLW,20259,17343,19996,17604,20335,17004,20246,16587,16790,16674,16962,17881,19866,16912,19969,17737,20539,16968,18589,16643,16963,16717,16900,17010,OVRFLW,16930,OVRFLW,17186,OVRFLW,17125,18100,16588,16882,16734,OVRFLW,17060,16686,16687,16868,16869,16733,16701,16774,16654,16810,16982,OVRFLW,16959,16524,16410,16343,16324,16482,16228,16823,16803,16955,16596,16913,17146,16500,16484,16324,16252,16933,16107,16442,16579,16815
9:29:17,37,16719,16854,16837,16771,16706,16606,16550,16887,16222,16677,16445,16787,16694,19233,OVRFLW,20405,17520,20096,17562,20655,16631,19125,16482,16832,16666,20420,OVRFLW,20191,17257,19988,17570,20278,16971,20255,16485,16745,16641,16944,17808,19949,16881,19866,17665,20496,16963,18730,16587,16980,16642,16864,16998,OVRFLW,16874,OVRFLW,17112,OVRFLW,17109,18493,16513,16829,16633,OVRFLW,17047,16640,16595,16782,16852,16673,16688,16778,16554,16816,16856,OVRFLW,16904,16488,16301,16379,16355,16425,16231,16751,16747,16952,16584,16852,17086,16377,16507,16327,16213,16868,16003,16445,16547,16683
9:39:17,37,16686,16733,16831,16763,16751,16639,16518,16879,16241,16640,16513,16768,16710,19321,OVRFLW,20389,17484,20131,17560,20654,16619,19266,16467,16817,16641,20452,OVRFLW,20274,17268,19990,17513,20348,16981,20326,16458,16732,16586,16946,17831,20007,16827,19892,17679,20498,16943,18793,16619,16924,16673,16807,16902,OVRFLW,16843,OVRFLW,17000,OVRFLW,17075,18942,16488,16850,16645,OVRFLW,17007,16624,16549,16795,16806,16675,16692,16741,16529,16869,16832,OVRFLW,16858,16455,16357,16283,16272,16333,16155,16711,16840,16938,16565,16854,17137,16344,16327,16273,16174,16847,16000,16409,16500,16682
9:49:17,37,16642,16778,16817,16729,16704,16607,16482,16857,16240,16620,16457,16714,16682,19335,OVRFLW,20429,17604,20192,17547,20767,16576,19234,16521,16889,16730,20485,OVRFLW,20343,17250,20048,17559,20375,16994,20362,16522,16744,16624,16939,17945,20071,16850,19932,17824,20577,16978,19021,16625,17009,16672,16863,16960,OVRFLW,16835,OVRFLW,17123,OVRFLW,17058,19512,16554,16876,16689,OVRFLW,17091,16678,16596,16851,16778,16666,16648,16781,16585,16832,16855,OVRFLW,16965,16515,16331,16398,16311,16384,16235,16834,16793,16893,16569,16829,17089,16368,16385,16251,16230,16928,15957,16480,16489,16677
9:59:17,37,16689,16826,16840,16820,16745,16701,16505,16884,16230,16624,16492,16865,16770,19465,OVRFLW,20574,17670,20333,17654,20835,16624,19362,16560,16836,16742,20467,OVRFLW,20329,17299,20188,17638,20422,17029,20476,16582,16825,16666,16991,17992,20187,16823,20176,17909,20564,17048,19095,16630,17046,16817,16983,16942,OVRFLW,16896,OVRFLW,17057,OVRFLW,17135,20155,16515,16878,16733,OVRFLW,17089,16687,16632,16865,16899,16714,16809,16818,16584,16887,16885,OVRFLW,16949,16531,16441,16388,16342,16472,16264,16843,16822,16983,16647,16851,17116,16416,16454,16352,16306,16926,16071,16462,16609,16749
10:09:17,37,16703,16817,16831,16886,16723,16695,16588,16900,16283,16640,16508,16849,16745,19426,OVRFLW,20620,17653,20299,17648,20830,16662,19293,16567,16862,16725,20550,OVRFLW,20436,17349,20217,17770,20509,17106,20435,16616,16828,16669,17000,17972,20156,16888,20074,17840,20698,17056,19249,16658,16979,16766,16991,16933,OVRFLW,16943,OVRFLW,17097,OVRFLW,17164,20857,16647,16833,16727,OVRFLW,17145,16653,16667,16862,16888,16736,16889,16799,16635,16881,16918,OVRFLW,16944,16574,16408,16392,16368,16451,16272,16838,16886,16992,16635,16957,17145,16412,16476,16318,16281,16975,16067,16502,16581,16747
10:19:17,37,16673,16788,16867,16862,16759,16570,16492,16922,16232,16626,16477,16699,16765,19395,OVRFLW,20711,17683,20380,17669,20914,16721,19404,16498,16864,16763,20561,OVRFLW,20496,17335,20246,17689,20534,17009,20558,16552,16833,16669,16997,17982,20288,16960,20127,17955,20648,17048,19300,16721,17038,16705,16989,16976,OVRFLW,16948,OVRFLW,17125,OVRFLW,17173,21687,16660,16928,16724,OVRFLW,17160,16729,16671,16855,16878,16714,16768,16916,16632,16941,16996,OVRFLW,16950,16567,16427,16428,16358,16514,16227,16816,16850,16990,16647,16907,17182,16469,16488,16314,16268,16921,16098,16521,16669,16799
10:29:17,37,16685,16852,16839,16806,16741,16712,16499,16921,16259,16677,16491,16843,16719,19467,OVRFLW,20704,17689,20312,17670,20942,16642,19447,16534,16829,16665,20524,OVRFLW,20512,17343,20260,17677,20610,17056,20697,16526,16744,16613,17004,18015,20258,16906,20190,17866,20819,17015,19421,16668,17063,16743,16926,16959,OVRFLW,16945,OVRFLW,17023,OVRFLW,17156,22655,16625,16966,16715,OVRFLW,17149,16634,16649,16888,16855,16701,16720,16886,16662,16899,16964,OVRFLW,16972,16483,16363,16402,16329,16483,16292,16785,16845,16929,16554,16854,17130,16419,16478,16425,16289,16944,16068,16497,16607,16742
10:39:17,37,16775,16902,16928,16861,16799,16704,16551,16979,16297,16762,16520,16838,16766,19510,OVRFLW,20758,17687,20416,17670,21036,16667,19558,16612,16865,16750,20569,OVRFLW,20624,17407,20363,17777,20654,17089,20648,16561,16872,16748,17024,18063,20297,16881,20201,17876,20832,17049,19459,16720,17064,16744,17009,16934,OVRFLW,16940,OVRFLW,17150,OVRFLW,17151,23759,16628,16903,16838,OVRFLW,17194,16709,16687,16858,16883,16762,16812,16854,16707,16921,16952,OVRFLW,16982,16530,16477,16497,16392,16536,16235,16839,16860,16981,16648,16987,17216,16454,16498,16346,16344,16966,16029,16535,16585,16758
10:49:17,37,16711,16815,16858,16816,16770,16626,16581,16905,16239,16728,16582,16756,16783,19427,OVRFLW,20825,17715,20412,17716,21000,16735,19539,16591,16807,16766,20596,OVRFLW,20581,17317,20356,17655,20611,17051,20602,16549,16817,16650,17055,18046,20321,16911,20311,17878,20892,17041,19492,16687,16972,16748,16934,17034,OVRFLW,16945,OVRFLW,17133,OVRFLW,17079,25186,16556,16858,16676,OVRFLW,17099,16737,16687,16798,16824,16725,16706,16813,16628,16904,16933,OVRFLW,16939,16612,16385,16350,16360,16458,16275,16856,16798,16953,16663,16900,17169,16427,16517,16269,16350,16962,16124,16512,16540,16651
10:59:17,37,16800,16932,16948,16856,16885,16808,16624,17013,16339,16795,16572,16915,16784,19541,OVRFLW,20918,17714,20496,17777,21167,16793,19669,16660,16888,16803,20614,OVRFLW,20685,17342,20452,17770,20734,17174,20761,16601,16834,16721,17117,18138,20479,16963,20372,17973,20947,17111,19606,16743,17021,16834,16992,17045,OVRFLW,16957,OVRFLW,17134,OVRFLW,17199,26873,16667,16919,16731,OVRFLW,17177,16750,16681,16961,16945,16716,16812,16875,16656,16926,16992,OVRFLW,17029,16588,16468,16491,16396,16542,16329,16833,16889,16987,16606,16926,17171,16462,16558,16378,16336,16969,16115,16515,16635,16760
11:09:17,37,16786,16914,16899,16878,16821,16704,16554,16986,16292,16708,16563,16874,16756,19573,OVRFLW,20983,17806,20619,17764,21202,16909,19690,16633,16891,16709,20667,OVRFLW,20788,17348,20506,17758,20781,16988,20815,16579,16851,16731,17086,18111,20488,16937,20336,17923,20954,17062,19700,16681,17102,16731,17002,17125,OVRFLW,16915,OVRFLW,17198,OVRFLW,17225,29217,16660,16878,16792,OVRFLW,17175,16714,16726,16952,16919,16785,16714,16823,16661,16933,16916,OVRFLW,17004,16592,16408,16481,16381,16531,16283,16822,16877,17003,16617,16965,17273,16443,16454,16393,16315,17024,16024,16536,16559,16806
11:19:17,37,16717,16843,16892,16773,16782,16653,16571,16956,16229,16712,16491,16818,16707,19626,OVRFLW,20939,17724,20556,17656,21209,16891,19649,16522,16858,16654,20611,OVRFLW,20770,17295,20442,17732,20723,17050,20859,16560,16789,16619,17021,18123,20452,16951,20331,17918,20939,17117,19670,16654,16992,16667,16938,17239,OVRFLW,16917,OVRFLW,17038,OVRFLW,17177,31939,16569,16890,16650,OVRFLW,17182,16655,16630,16874,16880,16653,16737,16887,16646,16858,16963,OVRFLW,17002,16553,16425,16356,16324,16455,16243,16867,16912,16944,16568,16915,17243,16422,16468,16280,16260,16903,16103,16528,16579,16771
11:29:17,37,16791,17011,16972,16910,16859,16767,16666,17026,16322,16758,16623,16857,16828,19753,OVRFLW,21115,17805,20707,17746,21389,17038,19774,16589,16945,16844,20754,OVRFLW,20867,17384,20552,17837,20919,17164,20962,16651,16927,16691,17096,18233,20624,17070,20427,18064,21178,17200,19918,16767,17127,16893,17062,17402,OVRFLW,17056,OVRFLW,17148,OVRFLW,17188,35493,16758,16937,16815,OVRFLW,17256,16760,16665,16954,17013,16851,16878,16925,16751,17024,17042,OVRFLW,17053,16659,16504,16479,16439,16498,16338,16945,16930,17100,16717,16989,17249,16515,16503,16416,16367,16958,16194,16582,16683,16833
11:39:17,37,16507,16695,16704,16658,16632,16520,16402,16797,16144,16473,16379,16691,16600,19522,OVRFLW,21022,17676,20560,17604,21147,16912,19661,16498,16661,16661,20583,OVRFLW,20702,17303,20488,17767,20884,17092,20849,16512,16733,16593,16959,18189,20588,16968,20350,17940,21030,17047,19861,16561,17069,16715,16920,17387,OVRFLW,16905,OVRFLW,17116,OVRFLW,17117,39015,16558,16857,16707,OVRFLW,17118,16646,16622,16770,16895,16745,16750,16861,16580,16823,16952,OVRFLW,16986,16550,16400,16426,16311,16415,16229,16789,16882,16980,16619,16855,17156,16417,16423,16275,16229,16981,16084,16517,16523,16705
11:49:17,37,16747,16893,17009,16886,16859,16740,16653,17070,16304,16751,16507,16780,16743,19787,OVRFLW,21231,17862,20815,17716,21401,17046,19894,16617,16969,16815,20702,OVRFLW,20900,17376,20688,17833,20974,17178,21052,16637,16870,16721,17133,18183,20719,16968,20508,17960,21110,17143,20012,16771,17158,16766,17063,17590,OVRFLW,17002,OVRFLW,17221,OVRFLW,17268,42960,16681,16956,16859,OVRFLW,17221,16775,16774,16910,16913,16810,16809,16984,16746,16961,16988,OVRFLW,17037,16620,16521,16424,16452,16511,16276,16852,16945,17052,16640,16937,17194,16480,16496,16383,16337,16952,16134,16562,16619,16845
11:59:17,36.9,16722,16886,16956,16926,16802,16695,16626,16991,16256,16677,16501,16797,16775,19644,OVRFLW,21138,17820,20813,17740,21374,17058,19859,16647,16956,16789,20817,OVRFLW,21023,17414,20622,17895,20988,17209,21135,16634,16831,16669,17073,18258,20687,16930,20545,18072,21303,17139,20079,16665,17116,16749,17039,17676,OVRFLW,17033,OVRFLW,17215,OVRFLW,17184,47162,16630,16904,16770,OVRFLW,17208,16710,16624,16909,16937,16751,16782,16932,16660,16943,17029,OVRFLW,17011,16624,16464,16397,16388,16514,16255,16904,16931,16959,16673,16934,17212,16441,16412,16391,16293,16987,16089,16532,16670,16796
12:09:17,37,16811,17028,17033,16984,16932,16745,16640,17034,16351,16771,16714,16863,16804,19804,OVRFLW,21310,17866,20945,17819,21529,17147,20057,16704,16913,16835,20819,OVRFLW,21123,17478,20724,17859,21066,17179,21148,16707,16838,16815,17134,18327,20780,17067,20508,18049,21349,17105,20164,16708,17079,16813,17071,17902,OVRFLW,17056,OVRFLW,17221,OVRFLW,17250,51481,16758,16992,16874,OVRFLW,17308,16785,16768,17014,17008,16834,16847,16968,16803,17019,17049,OVRFLW,17091,16639,16474,16541,16434,16559,16354,16972,16973,17094,16714,17021,17270,16544,16532,16433,16443,17096,16151,16663,16686,16856
12:19:17,37,16764,16905,16953,16970,16816,16738,16646,16989,16269,16741,16536,16822,16823,19582,OVRFLW,21373,17881,20905,17814,21522,17170,20118,16683,16967,16784,20821,OVRFLW,21101,17434,20719,17863,21110,17217,21204,16681,16842,16733,17180,18323,20751,17058,20547,18062,21267,17116,20248,16739,17082,16811,17032,17956,OVRFLW,17034,OVRFLW,17235,OVRFLW,17200,56063,16666,16919,16817,OVRFLW,17264,16814,16734,16941,16919,16775,16832,16973,16727,16928,17045,OVRFLW,17076,16633,16479,16467,16415,16539,16375,16894,16957,17123,16682,17012,17272,16500,16537,16385,16354,17043,16122,16585,16627,16784
12:29:17,36.9,16909,17141,17110,17114,17013,16890,16801,17175,16394,16904,16657,16955,16851,19779,OVRFLW,21477,18009,21032,17929,21682,17331,20112,16758,17048,16914,20884,OVRFLW,21263,17523,20818,17880,21218,17175,21247,16729,16890,16805,17202,18298,20954,17100,20633,18109,21379,17271,20398,16827,17161,16868,17076,18088,OVRFLW,17083,OVRFLW,17286,OVRFLW,17308,61268,16763,16982,16924,OVRFLW,17323,16839,16765,16977,17021,16864,16935,17030,16821,17043,17070,OVRFLW,17147,16728,16559,16538,16422,16598,16409,16990,16969,17089,16692,17119,17290,16488,16527,16501,16401,17021,16206,16626,16758,16840
12:39:17,37,16771,16868,16968,16884,16825,16726,16623,16976,16218,16718,16530,16784,16772,19736,OVRFLW,21378,17886,20976,17876,21615,17298,20051,16631,17007,16751,20836,OVRFLW,21258,17379,20759,17819,21168,17136,21398,16621,16912,16762,17091,18314,20882,17073,20604,18083,21444,17147,20369,16745,17123,16788,17056,18279,OVRFLW,16975,OVRFLW,17135,OVRFLW,17166,66193,16668,16933,16786,OVRFLW,17286,16712,16735,16934,16898,16764,16820,16926,16773,16968,17059,OVRFLW,17132,16641,16523,16524,16412,16554,16286,16909,16906,17029,16632,17020,17251,16460,16550,16379,16322,17046,16064,16600,16644,16792
12:49:17,37,16632,16854,16862,16856,16821,16659,16542,16910,16164,16675,16492,16799,16750,19726,OVRFLW,21446,17824,20934,17792,21642,17240,20073,16586,16898,16737,20836,OVRFLW,21150,17362,20819,17852,21111,17108,21281,16596,16811,16667,17089,18276,20851,16914,20579,18101,21354,17114,20403,16685,17048,16755,16965,18306,OVRFLW,16935,OVRFLW,17120,OVRFLW,17245,71557,16687,16894,16814,OVRFLW,17175,16709,16706,16804,16894,16734,16762,16897,16633,16923,16982,OVRFLW,17006,16525,16401,16348,16370,16523,16296,16810,16819,17009,16538,16947,17185,16424,16422,16314,16301,17030,16130,16562,16563,16717
12:59:17,37,16691,16897,16895,16899,16805,16691,16634,16951,16252,16642,16507,16791,16729,19708,OVRFLW,21513,17917,21064,17792,21680,17375,20158,16636,16835,16811,20788,OVRFLW,21330,17372,20814,17908,21259,17054,21343,16582,16772,16653,17125,18245,20915,16953,20666,18084,21407,17100,20395,16670,17073,16798,17016,18418,OVRFLW,16958,OVRFLW,17170,OVRFLW,17188,77076,16643,16897,16735,OVRFLW,17257,16685,16699,16922,16885,16789,16819,16832,16669,16931,16948,OVRFLW,17068,16571,16452,16495,16344,16476,16310,16859,16881,16984,16593,16904,17130,16456,16498,16370,16297,16988,16115,16532,16615,16803
13:09:17,37,16728,16909,16986,16876,16878,16722,16622,16992,16227,16688,16568,16846,16863,19761,OVRFLW,21605,17877,21122,17770,21714,17497,20164,16680,16921,16786,20825,OVRFLW,21354,17440,20922,17882,21330,17129,21500,16650,16850,16708,17182,18350,20946,17037,20763,18076,21542,17096,20495,16778,17111,16766,17101,18518,OVRFLW,17012,OVRFLW,17205,OVRFLW,17171,82540,16702,16974,16792,OVRFLW,17284,16769,16737,16987,17021,16810,16829,16950,16707,16976,17061,OVRFLW,17057,16665,16475,16475,16373,16557,16446,16861,17006,17056,16634,16940,17257,16568,16521,16414,16328,17040,16120,16601,16667,16762
13:19:17,37,16731,16918,16959,16875,16867,16730,16642,17002,16352,16671,16494,16778,16827,19829,OVRFLW,21606,17849,21090,17888,21852,17470,20211,16614,16926,16828,20947,OVRFLW,21430,17442,20941,17899,21424,17243,21526,16644,16910,16693,17184,18359,21038,17023,20811,18104,21542,17193,20634,16724,17150,16839,17083,18685,OVRFLW,16984,OVRFLW,17201,OVRFLW,17227,88195,16693,16900,16810,OVRFLW,17275,16790,16807,16942,16981,16773,16844,16947,16712,16951,16988,OVRFLW,17150,16642,16594,16484,16470,16515,16314,16931,16973,17086,16675,17025,17244,16518,16575,16351,16308,17033,16128,16528,16635,16802
13:29:17,37,16722,16872,16891,16892,16840,16723,16590,17006,16241,16680,16471,16768,16809,19783,OVRFLW,21639,17946,21229,17843,21871,17534,20301,16697,16881,16831,20854,OVRFLW,21412,17411,20900,17926,21399,17148,21570,16599,16850,16771,17167,18371,21102,17042,20787,18198,21608,17195,20648,16757,17110,16817,17041,18834,OVRFLW,17064,OVRFLW,17238,OVRFLW,17284,93645,16746,16925,16858,OVRFLW,17306,16809,16768,16886,16978,16849,16861,16992,16742,16996,17029,OVRFLW,17142,16618,16473,16470,16468,16535,16361,16923,16976,17080,16637,17030,17244,16548,16604,16434,16387,17032,16169,16558,16697,16865
13:39:17,37,16693,16891,16949,16889,16863,16697,16628,16967,16209,16644,16467,16772,16777,19854,OVRFLW,21751,17954,21173,17879,21888,17554,20323,16684,16956,16825,20985,OVRFLW,21457,17455,21045,17917,21361,17191,21702,16718,16852,16724,17212,18477,21180,17125,20848,18140,21629,17214,20780,16713,17119,16800,17108,19045,OVRFLW,17090,OVRFLW,17248,OVRFLW,17253,OVRFLW,16744,16947,16757,OVRFLW,17292,16784,16764,16970,16914,16779,16884,16991,16764,16961,16965,OVRFLW,17108,16629,16525,16453,16416,16533,16346,16886,16971,17079,16593,17017,17271,16528,16505,16361,16415,17072,16109,16609,16681,16764
13:49:17,37,16639,16858,16866,16816,16734,16588,16547,16881,16142,16570,16428,16631,16747,19901,OVRFLW,21723,17870,21227,17871,21816,17491,20275,16569,16832,16786,20955,OVRFLW,21562,17495,21084,17956,21490,17232,21726,16569,16848,16679,17197,18443,21173,17085,20861,18175,21690,17200,20819,16741,17087,16831,17079,19076,OVRFLW,17067,OVRFLW,17206,OVRFLW,17317,OVRFLW,16697,17000,16823,OVRFLW,17294,16763,16741,16946,17028,16816,16837,17018,16748,17026,17043,OVRFLW,17101,16684,16512,16514,16406,16568,16370,16927,16951,16999,16679,17077,17279,16596,16511,16430,16358,17061,16179,16647,16745,16758
13:59:17,37,16520,16758,16800,16762,16671,16610,16538,16868,16153,16615,16412,16627,16734,19798,OVRFLW,21727,17921,21156,17883,21909,17504,20369,16594,16816,16750,20932,OVRFLW,21562,17438,21041,17929,21490,17171,21594,16637,16825,16673,17172,18384,21223,17087,20878,18177,21683,17118,20876,16755,17073,16748,17110,19252,OVRFLW,17036,OVRFLW,17178,OVRFLW,17335,OVRFLW,16649,16950,16766,OVRFLW,17335,16815,16702,16925,16947,16780,16840,16979,16725,17001,17003,OVRFLW,17075,16690,16467,16522,16443,16566,16369,16894,16951,17090,16666,17043,17221,16511,16489,16462,16374,17049,16202,16611,16687,16832
14:09:17,37,16846,16964,17074,17046,16872,16858,16726,17064,16375,16802,16566,16862,16829,19973,OVRFLW,21835,18060,21465,17947,22062,17548,20425,16696,17077,16938,21105,OVRFLW,21717,17556,21243,18064,21609,17291,21854,16744,16938,16898,17369,18541,21358,17100,20993,18279,21892,17281,21061,16892,17239,16912,17154,19469,OVRFLW,17168,OVRFLW,17249,OVRFLW,17405,OVRFLW,16899,17046,16884,OVRFLW,17338,16883,16856,17001,17034,16961,16930,17059,16834,17040,17169,OVRFLW,17192,16750,16630,16546,16492,16604,16396,17006,17024,17122,16729,17070,17341,16598,16632,16465,16396,17100,16226,16686,16775,16846
14:19:17,37,16587,16788,16841,16814,16749,16741,16500,16964,16141,16566,16370,16608,16783,19880,OVRFLW,21932,17928,21405,17773,22057,17490,20351,16618,16901,16741,20928,OVRFLW,21606,17477,21220,17913,21582,17138,21720,16608,16798,16688,17226,18446,21223,17061,20970,18142,21769,17112,20956,16712,17053,16787,17048,19464,OVRFLW,16950,OVRFLW,17194,OVRFLW,17252,OVRFLW,16713,16953,16764,OVRFLW,17302,16733,16714,16933,16929,16756,16745,16954,16691,17020,16999,OVRFLW,17045,16655,16473,16489,16386,16548,16303,16891,16829,17030,16610,17012,17311,16487,16498,16385,16391,17025,16171,16597,16645,16752
14:29:17,37,16746,16962,17037,17022,16890,16759,16701,17114,16348,16747,16570,16750,16838,20085,OVRFLW,22029,18070,21437,17936,22171,17625,20455,16703,16916,16858,21114,OVRFLW,21786,17616,21249,18035,21743,17318,21886,16707,16986,16749,17293,18551,21446,17146,21172,18159,21997,17298,21155,16835,17149,16839,17172,19539,OVRFLW,17136,OVRFLW,17246,OVRFLW,17365,OVRFLW,16737,17015,16833,OVRFLW,17444,16901,16830,17028,16983,16865,16971,16957,16785,17034,17029,OVRFLW,17235,16696,16587,16580,16522,16545,16420,16983,16996,17145,16715,17090,17325,16574,16574,16475,16387,17169,16225,16709,16777,16879
14:39:17,37,16768,16954,17037,16950,16946,16757,16655,17039,16314,16764,16547,16787,16798,20005,OVRFLW,22048,17990,21491,17952,22128,17660,20491,16668,16996,16836,21062,OVRFLW,21776,17518,21316,18065,21741,17271,22018,16758,16928,16746,17352,18481,21391,17158,21077,18257,21932,17241,21128,16792,17126,16878,17191,19584,OVRFLW,17096,OVRFLW,17364,OVRFLW,17353,OVRFLW,16813,17022,16866,OVRFLW,17417,16873,16835,16941,16960,16869,16855,17039,16825,17033,16998,OVRFLW,17254,16706,16584,16523,16523,16674,16465,16976,16974,17094,16678,17095,17317,16568,16629,16431,16450,17048,16231,16642,16732,16803
14:49:17,37,16793,17088,17141,17033,17027,16892,16769,17116,16407,16801,16607,16883,16860,20104,OVRFLW,22094,18149,21617,17999,22316,17719,20663,16745,17024,16945,21141,OVRFLW,21885,17584,21435,18067,21770,17236,22021,16760,16914,16800,17325,18594,21450,17220,21179,18296,22037,17327,21276,16844,17191,16872,17173,19749,OVRFLW,17173,OVRFLW,17336,OVRFLW,17438,OVRFLW,16837,17064,16929,OVRFLW,17475,16888,16839,17073,17081,16909,16958,17048,16840,17056,17096,OVRFLW,17271,16730,16581,16594,16559,16630,16436,17059,17096,17099,16702,17119,17339,16615,16632,16473,16455,17118,16236,16701,16784,16877
14:59:17,36.9,16786,16982,17058,17030,16964,16767,16653,17033,16270,16746,16595,16671,16771,19915,OVRFLW,22174,18089,21684,17984,22344,17774,20649,16686,17058,16815,21129,OVRFLW,21851,17539,21411,18026,21860,17231,22026,16756,16910,16780,17356,18556,21594,17174,21146,18265,22031,17279,21234,16866,17147,16854,17201,19832,OVRFLW,17126,OVRFLW,17287,OVRFLW,17332,OVRFLW,16751,17014,16935,OVRFLW,17390,16818,16798,17022,17092,16853,16961,17083,16867,17054,17070,OVRFLW,17190,16643,16581,16598,16521,16605,16379,16924,17000,17136,16631,17180,17326,16562,16682,16518,16433,17117,16288,16667,16734,16872
15:09:17,37,16745,16987,17036,17037,16903,16799,16683,17025,16273,16762,16520,16745,16818,20110,OVRFLW,22197,18175,21582,17974,22345,17675,20681,16732,16982,16826,21103,OVRFLW,21954,17613,21419,18050,21850,17275,22056,16711,16946,16747,17317,18478,21494,17148,21322,18306,22122,17282,21354,16810,17099,16922,17196,19861,OVRFLW,17159,OVRFLW,17262,OVRFLW,17386,OVRFLW,16758,16970,16914,OVRFLW,17381,16860,16808,17088,17086,16797,16937,17003,16835,17032,17142,OVRFLW,17197,16671,16606,16547,16555,16615,16418,16998,16984,17078,16721,17091,17340,16603,16568,16368,16462,17113,16235,16687,16765,16819
15:19:17,37,16666,16948,17084,16885,16900,16743,16639,16973,16230,16672,16417,16718,16809,19994,OVRFLW,22211,18104,21586,17977,22382,17748,20690,16729,16982,16860,21125,OVRFLW,21987,17558,21531,18064,21878,17250,22103,16787,16953,16850,17359,18595,21626,17177,21183,18334,22170,17279,21371,16870,17146,16915,17134,19835,OVRFLW,17139,OVRFLW,17317,OVRFLW,17413,OVRFLW,16761,17018,16842,OVRFLW,17469,16866,16758,16989,17053,16898,16908,17141,16896,17056,17070,OVRFLW,17139,16746,16558,16609,16482,16670,16437,16974,16964,17108,16687,17084,17376,16601,16586,16542,16428,17096,16263,16719,16722,16892
15:29:17,37,16526,16733,16804,16779,16739,16643,16488,16845,16093,16497,16266,16479,16812,19920,OVRFLW,22255,17981,21599,17959,22297,17682,20632,16554,16835,16802,21016,OVRFLW,22047,17508,21441,18007,21876,17207,22086,16671,16935,16758,17326,18587,21604,17042,21211,18295,22035,17157,21441,16760,17141,16833,17163,19837,OVRFLW,17118,OVRFLW,17282,OVRFLW,17329,OVRFLW,16750,16925,16843,OVRFLW,17344,16802,16803,16996,17009,16822,16869,16994,16750,17046,16988,OVRFLW,17140,16649,16549,16485,16465,16552,16397,16930,16958,17059,16603,16986,17270,16482,16586,16416,16396,17089,16219,16625,16708,16848
15:39:17,37,16803,17063,17127,16971,16994,16918,16711,17137,16351,16730,16584,16780,16917,20219,OVRFLW,22351,18157,21752,18041,22500,17849,20828,16746,17036,16913,21209,OVRFLW,22141,17619,21605,18133,22054,17272,22199,16762,16993,16859,17342,18716,21707,17214,21324,18341,22272,17336,21501,16906,17215,16904,17255,19974,OVRFLW,17186,OVRFLW,17344,OVRFLW,17497,OVRFLW,16834,17040,16895,OVRFLW,17405,16865,16913,17093,17049,16949,16936,17101,16801,17120,17090,OVRFLW,17327,16730,16671,16603,16575,16677,16493,17064,17054,17172,16725,17147,17398,16650,16630,16496,16478,17171,16258,16665,16749,16869
15:49:17,37,16689,16932,16993,16945,16879,16774,16690,17014,16345,16635,16413,16685,16846,20128,OVRFLW,22345,18125,21753,17997,22451,17816,20753,16695,16878,16867,21134,OVRFLW,22092,17537,21591,18058,22019,17132,22243,16716,16868,16782,17328,18579,21622,17092,21309,18319,22152,17261,21522,16856,17084,16750,17233,20000,OVRFLW,17122,OVRFLW,17278,OVRFLW,17399,OVRFLW,16811,16985,16821,OVRFLW,17470,16789,16821,17014,17033,16865,16879,17067,16855,17017,17046,OVRFLW,17207,16682,16526,16548,16516,16596,16366,16988,16990,17107,16649,17063,17339,16539,16554,16505,16415,17079,16258,16641,16693,16841
15:59:17,37,16654,16918,16989,16976,16928,16757,16670,17023,16337,16727,16456,16662,16846,20284,OVRFLW,22503,18103,21785,18036,22564,17853,20803,16711,16996,16869,21209,OVRFLW,22126,17574,21612,18101,22056,17252,22320,16763,16956,16734,17339,18631,21743,17124,21295,18350,22342,17297,21657,16803,17175,16868,17198,20125,OVRFLW,17154,OVRFLW,17221,OVRFLW,17431,OVRFLW,16856,17020,16939,OVRFLW,17459,16896,16815,17051,17034,16928,16901,17064,16850,17063,17047,OVRFLW,17228,16688,16583,16578,16475,16608,16408,16970,17007,17098,16695,17134,17355,16577,16561,16448,16441,17154,16214,16724,16724,16868
16:09:17,37,16738,16965,17060,16938,16939,16780,16709,17035,16427,16724,16529,16699,16869,20182,OVRFLW,22471,18182,21883,18096,22583,17868,20851,16747,16984,16862,21289,OVRFLW,22241,17538,21622,18109,22079,17356,22344,16757,17028,16844,17401,18661,21810,17246,21307,18304,22329,17266,21675,16879,17179,16873,17292,20147,OVRFLW,17188,OVRFLW,17286,OVRFLW,17401,OVRFLW,16854,17027,16883,OVRFLW,17508,16872,16895,17056,17157,16915,17051,17104,16840,17046,17052,OVRFLW,17280,16666,16602,16588,16507,16645,16411,17033,17092,17094,16667,17120,17371,16596,16600,16510,16489,17207,16270,16653,16729,16951
16:19:17,37,16624,16926,17040,16992,16855,16696,16610,16974,16404,16594,16525,16660,16851,20075,OVRFLW,22518,18175,21894,18116,22600,17879,20916,16717,16908,16812,21242,OVRFLW,22309,17604,21663,18137,22087,17299,22316,16798,16969,16818,17368,18667,21813,17180,21444,18368,22357,17352,21670,16856,17174,16853,17304,20071,OVRFLW,17181,OVRFLW,17286,OVRFLW,17403,OVRFLW,16880,17030,16908,OVRFLW,17399,16869,16833,17057,17022,16883,16997,17040,16829,17053,17064,OVRFLW,17227,16681,16572,16580,16498,16597,16451,17042,17073,17114,16653,17126,17371,16607,16564,16397,16403,17142,16246,16699,16748,16889
16:29:17,37,16612,16880,16944,16899,16846,16772,16625,16921,16405,16528,16343,16556,16747,19974,OVRFLW,22473,18054,21851,17975,22630,17822,20818,16699,16891,16838,21216,OVRFLW,22264,17476,21713,18023,22116,17185,22295,16639,16925,16685,17266,18661,21723,17081,21386,18330,22291,17171,21627,16763,17121,16769,17152,20105,OVRFLW,17080,OVRFLW,17179,OVRFLW,17386,OVRFLW,16759,16958,16809,OVRFLW,17414,16763,16766,16934,16980,16809,16839,17003,16681,17006,17027,OVRFLW,17186,16661,16524,16499,16467,16438,16359,16933,16951,17050,16540,17032,17233,16543,16596,16400,16410,17084,16161,16643,16689,16866
16:39:17,37,16672,16937,17058,16988,16944,16798,16600,17030,16474,16614,16438,16589,16846,20138,OVRFLW,22640,18135,22038,18041,22705,17929,20933,16735,16944,16847,21278,OVRFLW,22331,17518,21799,18073,22176,17202,22352,16710,16923,16806,17455,18745,21788,17179,21434,18384,22388,17297,21751,16897,17155,16861,17253,20126,OVRFLW,17174,OVRFLW,17334,OVRFLW,17347,OVRFLW,16730,17042,16846,OVRFLW,17465,16929,16826,17027,17040,16898,16952,17101,16794,17027,17118,OVRFLW,17270,16766,16560,16544,16581,16668,16430,17004,17073,17070,16663,17138,17413,16622,16592,16550,16467,17162,16225,16707,16683,16789
16:49:17,37,16644,16937,17091,16957,16887,16869,16668,17032,16551,16637,16507,16627,16825,20119,OVRFLW,22587,18156,22008,18095,22759,17880,20942,16766,16982,16861,21308,OVRFLW,22399,17624,21819,18169,22255,17302,22451,16793,16904,16788,17379,18675,21950,17178,21535,18379,22490,17317,21839,16857,17178,16935,17246,20196,OVRFLW,17220,OVRFLW,17262,OVRFLW,17400,OVRFLW,16826,17056,16906,OVRFLW,17488,16881,16808,17004,17058,16915,17019,17049,16842,17082,17132,OVRFLW,17320,16728,16620,16615,16550,16644,16497,17003,17011,17166,16669,17130,17344,16622,16595,16502,16478,17126,16304,16667,16784,16918
16:59:17,36.9,16497,16797,16895,16880,16771,16675,16566,16936,16489,16494,16370,16469,16805,20161,OVRFLW,22639,18033,21878,18035,22660,17880,20936,16626,16915,16817,21213,OVRFLW,22416,17572,21785,18073,22207,17233,22370,16657,16859,16743,17366,18671,21950,17144,21490,18389,22522,17235,21774,16792,17073,16856,17250,20193,OVRFLW,17104,OVRFLW,17266,OVRFLW,17330,OVRFLW,16770,17005,16794,OVRFLW,17455,16843,16838,16979,17087,16856,16910,17045,16753,17024,16990,OVRFLW,17188,16703,16495,16531,16434,16583,16404,16989,16983,17112,16613,17117,17342,16536,16582,16433,16403,17079,16203,16593,16707,16886
17:09:17,37,16674,16928,17106,17011,16963,16782,16672,17053,16669,16696,16454,16567,16820,20165,OVRFLW,22698,18093,22106,18052,22806,17938,20964,16735,16983,16867,21296,OVRFLW,22390,17588,21806,18057,22249,17253,22444,16706,16921,16743,17332,18686,21921,17148,21476,18354,22461,17322,21900,16824,17190,16847,17255,20279,OVRFLW,17159,OVRFLW,17244,OVRFLW,17380,OVRFLW,16802,17053,16882,OVRFLW,17485,16866,16837,17055,16998,16890,16947,17095,16817,17052,17134,OVRFLW,17242,16687,16551,16591,16534,16625,16402,17017,16970,17093,16625,17052,17355,16608,16620,16508,16488,17060,16252,16679,16790,16880
17:19:17,37,16677,16978,17119,16973,16960,16805,16689,16986,16673,16654,16454,16636,16827,20275,OVRFLW,22760,18223,22046,18027,22912,17995,21048,16744,17010,16910,21308,OVRFLW,22468,17631,21864,18131,22275,17238,22452,16724,16950,16747,17366,18759,22080,17163,21519,18399,22506,17353,21947,16869,17207,16874,17262,20324,OVRFLW,17173,OVRFLW,17353,OVRFLW,17387,OVRFLW,16820,17024,16835,OVRFLW,17467,16926,16796,17045,17077,16910,16914,17067,16832,17013,17022,OVRFLW,17230,16807,16580,16541,16559,16607,16460,17008,16986,17095,16691,17128,17374,16604,16617,16470,16422,17114,16242,16640,16773,16811
17:29:17,37,16603,16963,17062,16999,16937,16756,16643,16964,16663,16639,16421,16491,16797,20198,OVRFLW,22842,18206,22053,18079,22813,18024,21028,16727,16947,16903,21374,OVRFLW,22504,17566,21949,18063,22354,17250,22575,16792,16948,16815,17375,18713,21978,17166,21548,18406,22561,17349,21956,16826,17177,16815,17183,20286,OVRFLW,17130,OVRFLW,17246,OVRFLW,17433,OVRFLW,16804,16963,16947,OVRFLW,17460,16874,16833,17064,17101,16889,16930,17034,16886,17065,17074,OVRFLW,17303,16686,16593,16623,16477,16632,16462,16980,17012,17136,16618,17102,17290,16515,16603,16470,16441,17174,16223,16694,16725,16842
17:39:17,37,16554,16921,16974,16942,16788,16676,16571,16932,16724,16538,16329,16456,16691,20064,OVRFLW,22745,18126,22109,17989,22824,17948,21028,16620,16872,16769,21287,OVRFLW,22536,17504,21958,18053,22354,17197,22504,16710,16894,16688,17356,18654,22052,17070,21589,18431,22653,17254,21980,16756,17150,16759,17204,20194,OVRFLW,17123,OVRFLW,17204,OVRFLW,17391,OVRFLW,16784,16982,16868,OVRFLW,17453,16878,16797,17029,17008,16886,16912,17104,16772,17031,16986,OVRFLW,17198,16669,16514,16435,16469,16581,16439,16976,16970,17092,16564,17080,17306,16552,16545,16397,16387,17087,16237,16677,16705,16815
17:49:17,37,16643,16875,17084,16912,16895,16721,16650,16936,16866,16644,16388,16508,16821,20196,OVRFLW,22787,18243,22152,18083,22958,17967,21065,16728,17003,16816,21320,OVRFLW,22530,17603,21953,18134,22438,17284,22637,16746,16979,16788,17347,18801,22054,17212,21636,18443,22630,17338,22017,16862,17091,16876,17202,20345,OVRFLW,17203,OVRFLW,17312,OVRFLW,17381,OVRFLW,16743,17031,16886,OVRFLW,17480,16859,16812,17045,17064,16915,16945,17095,16744,16986,17076,OVRFLW,17262,16743,16535,16545,16550,16594,16465,17033,16960,17126,16634,17099,17305,16581,16618,16479,16398,17176,16295,16669,16754,16806
17:59:17,37,16426,16805,16856,16768,16775,16650,16481,16820,16844,16496,16262,16351,16790,20168,OVRFLW,22853,18148,22130,18074,22856,17985,21118,16638,16849,16795,21317,OVRFLW,22568,17575,21913,18049,22441,17256,22525,16647,16934,16786,17339,18712,22028,17145,21677,18438,22663,17300,22058,16841,17096,16785,17253,20164,OVRFLW,17162,OVRFLW,17218,OVRFLW,17402,OVRFLW,16747,16989,16792,OVRFLW,17474,16857,16779,17063,17014,16858,16876,17085,16782,16971,17036,OVRFLW,17228,16647,16586,16528,16471,16586,16406,16974,17008,17088,16536,17089,17355,16548,16553,16437,16411,17123,16220,16695,16681,16850
18:09:17,37,16595,16995,17054,16955,16926,16801,16642,17054,17054,16615,16452,16580,16889,20223,OVRFLW,22966,18300,22294,18184,23093,18000,21136,16752,16971,16874,21389,OVRFLW,22661,17566,22045,18133,22569,17288,22596,16684,16964,16747,17459,18821,22098,17211,21686,18460,22806,17359,22161,16858,17176,16889,17332,20475,OVRFLW,17179,OVRFLW,17315,OVRFLW,17415,OVRFLW,16878,17013,16903,OVRFLW,17549,16953,16850,17079,17062,16922,16946,17097,16894,17057,17121,OVRFLW,17305,16732,16561,16559,16504,16675,16411,17083,17045,17130,16585,17131,17393,16617,16629,16490,16463,17163,16258,16664,16784,16913
18:19:17,37,16379,16725,16833,16766,16711,16610,16422,16824,17005,16429,16236,16319,16736,20038,OVRFLW,22817,18099,22149,18122,22920,17980,21053,16629,16839,16786,21318,OVRFLW,22685,17505,22005,18071,22489,17213,22514,16708,16798,16696,17341,18721,22099,17110,21586,18362,22554,17233,22202,16810,17052,16725,17184,20315,OVRFLW,17142,OVRFLW,17255,OVRFLW,17345,OVRFLW,16766,16905,16808,OVRFLW,17423,16799,16825,17023,16980,16850,16864,17077,16746,16947,16945,OVRFLW,17230,16692,16474,16531,16505,16624,16384,16943,16927,17076,16508,17061,17285,16477,16529,16424,16382,17009,16190,16613,16677,16769
,,,,,,,,,,,,,,,,,,,,,,,,,,,,,,,,,,,,,,,,,,,,,,,,,,,,,,,,,,,,,,,,,,,,,,,,,,,,,,,,,,,,,,,,,,,,,,,,,
