Time,T° Read 1:600,A1,A2,A3,A4,A5,A6,A7,A8,A9,A10,A11,A12,B1,B2,B3,B4,B5,B6,B7,B8,B9,B10,B11,B12,C1,C2,C3,C4,C5,C6,C7,C8,C9,C10,C11,C12,D1,D2,D3,D4,D5,D6,D7,D8,D9,D10,D11,D12,E1,E2,E3,E4,E5,E6,E7,E8,E9,E10,E11,E12,F1,F2,F3,F4,F5,F6,F7,F8,F9,F10,F11,F12,G1,G2,G3,G4,G5,G6,G7,G8,G9,G10,G11,G12,H1,H2,H3,H4,H5,H6,H7,H8,H9,H10,H11,H12
0:08:00,37,0.115,0.095,0.099,0.098,0.098,0.098,0.123,0.124,0.097,0.096,0.129,0.145,0.098,0.136,0.134,0.143,0.145,0.1,0.171,0.298,0.097,0.098,0.109,0.144,0.098,0.154,0.179,0.19,0.167,0.171,0.215,0.228,0.142,0.135,0.101,0.143,0.097,0.125,0.178,0.183,0.176,0.142,0.158,0.245,0.142,0.136,0.119,0.144,0.099,0.102,0.125,0.166,0.116,0.158,0.112,0.273,0.135,0.13,0.098,0.104,0.099,0.127,0.102,0.098,0.097,0.102,0.096,0.11,0.118,0.117,0.102,0.1,0.097,0.126,0.101,0.097,0.097,0.096,0.096,0.097,0.096,0.095,0.097,0.1,0.099,0.096,0.096,0.097,0.097,0.096,0.097,0.099,0.097,0.098,0.097,0.1
0:18:00,37,0.115,0.095,0.099,0.097,0.098,0.097,0.131,0.132,0.096,0.096,0.139,0.158,0.099,0.146,0.144,0.155,0.158,0.099,0.17,0.295,0.096,0.097,0.105,0.157,0.099,0.136,0.16,0.168,0.141,0.14,0.171,0.199,0.097,0.097,0.1,0.154,0.097,0.1,0.159,0.162,0.15,0.1,0.106,0.225,0.096,0.098,0.101,0.156,0.099,0.101,0.107,0.155,0.101,0.136,0.116,0.266,0.095,0.096,0.098,0.103,0.098,0.135,0.102,0.098,0.096,0.101,0.095,0.097,0.098,0.096,0.102,0.099,0.096,0.135,0.1,0.097,0.097,0.096,0.096,0.097,0.096,0.094,0.1,0.1,0.099,0.095,0.096,0.097,0.097,0.095,0.096,0.098,0.097,0.097,0.096,0.099
0:28:00,37,0.116,0.096,0.099,0.098,0.098,0.098,0.142,0.143,0.097,0.096,0.151,0.172,0.099,0.159,0.156,0.168,0.171,0.099,0.192,0.334,0.097,0.097,0.103,0.173,0.099,0.147,0.174,0.178,0.154,0.152,0.177,0.228,0.098,0.098,0.101,0.17,0.097,0.101,0.171,0.174,0.163,0.1,0.106,0.256,0.096,0.098,0.102,0.173,0.1,0.102,0.121,0.169,0.103,0.148,0.117,0.299,0.095,0.096,0.099,0.104,0.099,0.147,0.101,0.098,0.096,0.102,0.096,0.098,0.098,0.096,0.103,0.1,0.097,0.146,0.101,0.098,0.097,0.096,0.097,0.098,0.096,0.095,0.098,0.101,0.099,0.096,0.097,0.097,0.097,0.096,0.097,0.099,0.097,0.097,0.096,0.1
0:38:00,37,0.116,0.095,0.099,0.098,0.098,0.098,0.155,0.156,0.096,0.096,0.164,0.183,0.099,0.17,0.168,0.178,0.181,0.099,0.219,0.394,0.097,0.097,0.102,0.184,0.098,0.161,0.184,0.193,0.166,0.165,0.178,0.259,0.097,0.098,0.101,0.183,0.097,0.101,0.181,0.186,0.173,0.099,0.106,0.276,0.096,0.098,0.101,0.186,0.099,0.101,0.103,0.18,0.104,0.16,0.116,0.328,0.095,0.096,0.098,0.104,0.099,0.16,0.101,0.098,0.096,0.102,0.096,0.097,0.098,0.096,0.103,0.1,0.097,0.158,0.101,0.098,0.097,0.095,0.096,0.097,0.096,0.095,0.098,0.101,0.099,0.096,0.096,0.097,0.097,0.095,0.097,0.099,0.097,0.097,0.096,0.099
0:48:00,37,0.116,0.095,0.099,0.098,0.098,0.098,0.166,0.168,0.097,0.096,0.175,0.199,0.099,0.18,0.177,0.193,0.195,0.099,0.247,0.45,0.097,0.097,0.101,0.199,0.099,0.173,0.199,0.216,0.175,0.176,0.176,0.281,0.097,0.098,0.1,0.194,0.097,0.101,0.196,0.203,0.184,0.1,0.106,0.307,0.096,0.098,0.102,0.2,0.099,0.101,0.102,0.196,0.105,0.171,0.117,0.361,0.095,0.096,0.098,0.103,0.099,0.171,0.101,0.098,0.097,0.102,0.096,0.097,0.098,0.096,0.103,0.1,0.097,0.168,0.101,0.098,0.098,0.096,0.096,0.097,0.096,0.095,0.098,0.1,0.099,0.096,0.097,0.097,0.097,0.096,0.097,0.099,0.096,0.098,0.096,0.099
0:58:00,36.9,0.116,0.095,0.099,0.098,0.098,0.098,0.177,0.177,0.097,0.096,0.187,0.228,0.099,0.195,0.191,0.22,0.215,0.099,0.272,0.509,0.097,0.097,0.102,0.226,0.099,0.183,0.226,0.244,0.189,0.187,0.174,0.311,0.098,0.098,0.101,0.214,0.097,0.101,0.223,0.231,0.201,0.099,0.106,0.355,0.097,0.098,0.101,0.221,0.1,0.102,0.102,0.218,0.108,0.181,0.121,0.392,0.095,0.096,0.099,0.104,0.099,0.18,0.101,0.099,0.097,0.102,0.096,0.097,0.098,0.097,0.103,0.101,0.097,0.178,0.101,0.098,0.097,0.097,0.097,0.098,0.096,0.095,0.098,0.1,0.1,0.096,0.097,0.097,0.097,0.096,0.097,0.099,0.097,0.098,0.097,0.1
1:08:00,37,0.116,0.096,0.1,0.098,0.098,0.098,0.193,0.193,0.097,0.097,0.207,0.253,0.099,0.221,0.214,0.245,0.245,0.099,0.298,0.559,0.097,0.097,0.102,0.254,0.099,0.198,0.252,0.275,0.207,0.204,0.17,0.355,0.098,0.098,0.101,0.245,0.097,0.101,0.247,0.258,0.228,0.1,0.106,0.408,0.096,0.098,0.101,0.253,0.099,0.102,0.102,0.249,0.11,0.197,0.118,0.423,0.095,0.096,0.099,0.104,0.099,0.195,0.101,0.099,0.097,0.102,0.096,0.097,0.098,0.097,0.103,0.1,0.097,0.193,0.101,0.098,0.097,0.096,0.097,0.098,0.097,0.095,0.098,0.101,0.1,0.096,0.097,0.097,0.097,0.096,0.097,0.1,0.098,0.098,0.097,0.1
1:18:00,37,0.116,0.095,0.099,0.098,0.098,0.098,0.22,0.219,0.097,0.097,0.235,0.285,0.098,0.245,0.235,0.277,0.275,0.099,0.338,0.615,0.097,0.097,0.101,0.287,0.099,0.223,0.284,0.31,0.233,0.233,0.167,0.41,0.098,0.098,0.1,0.273,0.097,0.1,0.276,0.288,0.253,0.099,0.106,0.467,0.096,0.098,0.101,0.288,0.099,0.102,0.102,0.281,0.112,0.223,0.115,0.448,0.096,0.096,0.099,0.104,0.099,0.221,0.101,0.098,0.096,0.102,0.096,0.097,0.098,0.096,0.103,0.1,0.096,0.217,0.102,0.098,0.097,0.096,0.097,0.097,0.097,0.095,0.097,0.1,0.099,0.096,0.097,0.097,0.097,0.096,0.097,0.099,0.098,0.098,0.097,0.1
1:28:00,37,0.115,0.095,0.099,0.098,0.098,0.098,0.244,0.242,0.097,0.096,0.262,0.32,0.099,0.277,0.262,0.311,0.311,0.099,0.396,0.671,0.097,0.097,0.101,0.323,0.099,0.247,0.319,0.353,0.26,0.258,0.162,0.466,0.098,0.099,0.1,0.306,0.096,0.1,0.313,0.329,0.288,0.099,0.105,0.519,0.096,0.098,0.101,0.322,0.099,0.101,0.101,0.313,0.115,0.251,0.114,0.462,0.095,0.096,0.098,0.104,0.099,0.244,0.101,0.099,0.096,0.102,0.096,0.097,0.098,0.097,0.103,0.1,0.097,0.24,0.102,0.098,0.098,0.096,0.097,0.097,0.096,0.095,0.098,0.1,0.099,0.096,0.096,0.097,0.097,0.096,0.097,0.099,0.097,0.097,0.097,0.1
1:38:00,36.9,0.115,0.095,0.099,0.097,0.098,0.098,0.275,0.273,0.096,0.096,0.293,0.361,0.098,0.309,0.292,0.352,0.354,0.099,0.45,0.699,0.097,0.098,0.1,0.367,0.098,0.278,0.352,0.392,0.294,0.291,0.158,0.522,0.097,0.097,0.1,0.35,0.096,0.1,0.352,0.371,0.325,0.098,0.105,0.571,0.096,0.098,0.101,0.361,0.099,0.101,0.101,0.346,0.12,0.284,0.118,0.473,0.095,0.096,0.098,0.103,0.098,0.275,0.103,0.098,0.097,0.101,0.095,0.097,0.098,0.097,0.102,0.101,0.096,0.269,0.101,0.098,0.097,0.096,0.097,0.097,0.097,0.094,0.097,0.1,0.099,0.096,0.096,0.097,0.097,0.095,0.097,0.099,0.097,0.097,0.097,0.1
1:48:00,37,0.115,0.096,0.099,0.098,0.097,0.098,0.311,0.305,0.096,0.096,0.336,0.4,0.098,0.343,0.327,0.389,0.404,0.098,0.508,0.724,0.097,0.097,0.1,0.411,0.099,0.312,0.386,0.414,0.331,0.325,0.154,0.575,0.097,0.097,0.1,0.393,0.097,0.1,0.386,0.397,0.372,0.098,0.105,0.618,0.096,0.097,0.101,0.392,0.099,0.101,0.101,0.379,0.126,0.318,0.12,0.481,0.095,0.096,0.098,0.103,0.099,0.308,0.1,0.098,0.096,0.102,0.095,0.097,0.098,0.096,0.102,0.1,0.096,0.301,0.1,0.097,0.097,0.096,0.096,0.097,0.096,0.095,0.098,0.1,0.099,0.095,0.096,0.097,0.096,0.095,0.096,0.099,0.097,0.097,0.096,0.1
1:58:00,37,0.115,0.095,0.099,0.098,0.098,0.098,0.352,0.345,0.097,0.096,0.378,0.423,0.099,0.378,0.368,0.413,0.43,0.099,0.561,0.749,0.097,0.097,0.1,0.435,0.098,0.35,0.423,0.438,0.378,0.37,0.151,0.641,0.097,0.098,0.1,0.427,0.097,0.1,0.41,0.42,0.404,0.098,0.105,0.658,0.096,0.098,0.101,0.428,0.099,0.101,0.101,0.413,0.132,0.353,0.119,0.485,0.095,0.096,0.099,0.103,0.099,0.347,0.1,0.099,0.097,0.101,0.096,0.097,0.098,0.096,0.103,0.1,0.097,0.337,0.101,0.098,0.097,0.096,0.097,0.097,0.097,0.095,0.097,0.1,0.099,0.096,0.097,0.097,0.097,0.096,0.097,0.099,0.097,0.097,0.096,0.1
2:08:00,37,0.115,0.095,0.099,0.097,0.098,0.098,0.387,0.384,0.096,0.096,0.403,0.444,0.099,0.401,0.389,0.436,0.455,0.099,0.626,0.772,0.097,0.097,0.1,0.459,0.099,0.388,0.459,0.459,0.41,0.406,0.147,0.674,0.098,0.098,0.1,0.451,0.097,0.1,0.434,0.443,0.43,0.098,0.105,0.693,0.096,0.098,0.101,0.463,0.099,0.101,0.101,0.448,0.141,0.386,0.114,0.491,0.095,0.096,0.098,0.103,0.098,0.384,0.102,0.098,0.096,0.102,0.096,0.097,0.098,0.096,0.103,0.1,0.097,0.371,0.1,0.098,0.097,0.096,0.096,0.097,0.096,0.095,0.098,0.1,0.1,0.096,0.097,0.097,0.097,0.095,0.096,0.099,0.097,0.098,0.096,0.1
2:18:00,37,0.115,0.095,0.099,0.098,0.098,0.098,0.41,0.406,0.097,0.096,0.425,0.464,0.099,0.423,0.412,0.457,0.479,0.099,0.671,0.792,0.097,0.097,0.1,0.481,0.099,0.41,0.491,0.479,0.435,0.433,0.144,0.7,0.098,0.098,0.1,0.475,0.097,0.1,0.452,0.463,0.455,0.098,0.105,0.731,0.096,0.098,0.101,0.499,0.1,0.101,0.101,0.483,0.152,0.423,0.12,0.502,0.095,0.096,0.099,0.104,0.099,0.406,0.1,0.099,0.097,0.102,0.096,0.097,0.098,0.096,0.103,0.101,0.097,0.393,0.102,0.098,0.098,0.096,0.097,0.097,0.097,0.095,0.098,0.101,0.1,0.096,0.097,0.097,0.097,0.096,0.097,0.099,0.097,0.098,0.096,0.101
2:28:00,37,0.115,0.096,0.099,0.098,0.098,0.097,0.432,0.429,0.097,0.096,0.447,0.482,0.099,0.441,0.432,0.477,0.501,0.098,0.699,0.813,0.097,0.097,0.1,0.5,0.099,0.431,0.517,0.506,0.459,0.458,0.142,0.725,0.097,0.098,0.1,0.495,0.096,0.1,0.478,0.49,0.478,0.098,0.105,0.77,0.096,0.098,0.1,0.527,0.1,0.101,0.101,0.511,0.162,0.458,0.111,0.507,0.095,0.095,0.098,0.104,0.099,0.427,0.1,0.098,0.096,0.102,0.096,0.097,0.098,0.096,0.103,0.1,0.097,0.414,0.101,0.098,0.097,0.096,0.097,0.097,0.097,0.095,0.097,0.101,0.099,0.096,0.096,0.097,0.097,0.096,0.097,0.099,0.097,0.098,0.097,0.1
2:38:00,36.9,0.115,0.096,0.099,0.098,0.098,0.098,0.452,0.456,0.097,0.096,0.466,0.505,0.099,0.463,0.45,0.502,0.525,0.099,0.724,0.832,0.097,0.097,0.1,0.526,0.099,0.449,0.55,0.526,0.483,0.482,0.139,0.75,0.098,0.098,0.1,0.52,0.097,0.1,0.501,0.51,0.5,0.098,0.105,0.801,0.096,0.098,0.101,0.545,0.1,0.101,0.101,0.536,0.17,0.493,0.123,0.511,0.095,0.096,0.098,0.104,0.099,0.445,0.1,0.099,0.097,0.102,0.096,0.097,0.098,0.096,0.103,0.1,0.097,0.43,0.101,0.098,0.097,0.096,0.096,0.097,0.097,0.095,0.097,0.101,0.099,0.096,0.097,0.097,0.097,0.096,0.097,0.099,0.097,0.097,0.097,0.1
2:48:00,37,0.115,0.095,0.099,0.097,0.097,0.097,0.47,0.466,0.097,0.096,0.491,0.524,0.098,0.483,0.472,0.52,0.548,0.097,0.748,0.854,0.097,0.097,0.1,0.545,0.098,0.471,0.578,0.54,0.505,0.503,0.136,0.772,0.097,0.098,0.099,0.541,0.096,0.099,0.518,0.526,0.524,0.098,0.105,0.824,0.096,0.097,0.1,0.576,0.099,0.1,0.101,0.567,0.182,0.52,0.121,0.512,0.095,0.096,0.098,0.103,0.098,0.468,0.102,0.098,0.096,0.101,0.095,0.097,0.098,0.096,0.102,0.1,0.096,0.451,0.1,0.097,0.096,0.096,0.096,0.097,0.096,0.094,0.097,0.1,0.099,0.095,0.096,0.097,0.096,0.096,0.097,0.098,0.097,0.097,0.096,0.1
2:58:00,37,0.115,0.095,0.099,0.098,0.098,0.098,0.495,0.491,0.097,0.096,0.511,0.538,0.099,0.498,0.489,0.535,0.566,0.098,0.771,0.87,0.097,0.097,0.101,0.562,0.099,0.492,0.598,0.551,0.528,0.529,0.134,0.797,0.098,0.098,0.1,0.559,0.096,0.1,0.534,0.537,0.541,0.098,0.105,0.855,0.096,0.098,0.1,0.604,0.099,0.101,0.1,0.591,0.201,0.536,0.117,0.517,0.095,0.096,0.098,0.104,0.099,0.486,0.1,0.098,0.096,0.101,0.095,0.097,0.098,0.097,0.102,0.1,0.097,0.47,0.1,0.098,0.098,0.096,0.097,0.097,0.097,0.095,0.097,0.1,0.099,0.096,0.096,0.097,0.097,0.096,0.096,0.099,0.097,0.098,0.096,0.1
3:08:00,37,0.115,0.095,0.099,0.097,0.098,0.097,0.512,0.508,0.097,0.096,0.527,0.549,0.099,0.51,0.501,0.545,0.579,0.098,0.793,0.883,0.097,0.096,0.101,0.573,0.099,0.505,0.623,0.559,0.546,0.548,0.133,0.814,0.098,0.098,0.1,0.572,0.096,0.099,0.543,0.547,0.554,0.098,0.105,0.877,0.096,0.098,0.1,0.629,0.099,0.101,0.101,0.612,0.223,0.549,0.12,0.524,0.095,0.096,0.098,0.103,0.099,0.504,0.101,0.098,0.096,0.101,0.095,0.097,0.098,0.096,0.103,0.1,0.096,0.483,0.1,0.098,0.097,0.095,0.097,0.097,0.096,0.095,0.097,0.1,0.099,0.095,0.096,0.097,0.097,0.095,0.096,0.099,0.097,0.097,0.096,0.101
3:18:00,37,0.115,0.095,0.1,0.098,0.098,0.098,0.525,0.522,0.097,0.096,0.54,0.556,0.099,0.522,0.514,0.554,0.588,0.098,0.814,0.894,0.098,0.097,0.102,0.58,0.099,0.516,0.642,0.571,0.559,0.561,0.133,0.834,0.098,0.098,0.099,0.581,0.097,0.1,0.553,0.558,0.563,0.098,0.104,0.895,0.097,0.098,0.101,0.648,0.1,0.101,0.101,0.632,0.248,0.559,0.122,0.538,0.095,0.096,0.099,0.103,0.099,0.513,0.102,0.098,0.097,0.101,0.096,0.097,0.098,0.096,0.103,0.1,0.097,0.494,0.1,0.098,0.097,0.096,0.096,0.097,0.097,0.095,0.098,0.101,0.1,0.096,0.097,0.098,0.097,0.096,0.097,0.099,0.097,0.098,0.097,0.1
3:28:00,37,0.115,0.096,0.099,0.098,0.098,0.098,0.535,0.533,0.097,0.096,0.55,0.561,0.099,0.533,0.524,0.564,0.599,0.099,0.835,0.904,0.097,0.097,0.102,0.589,0.099,0.528,0.658,0.581,0.569,0.57,0.131,0.854,0.098,0.098,0.1,0.59,0.097,0.1,0.565,0.568,0.574,0.098,0.105,0.914,0.096,0.098,0.101,0.667,0.1,0.102,0.101,0.651,0.279,0.57,0.123,0.553,0.095,0.096,0.099,0.103,0.099,0.524,0.1,0.099,0.097,0.101,0.096,0.097,0.098,0.096,0.103,0.101,0.096,0.505,0.1,0.098,0.098,0.096,0.096,0.097,0.096,0.095,0.098,0.101,0.099,0.096,0.096,0.098,0.097,0.095,0.097,0.099,0.097,0.098,0.096,0.101
3:38:00,37,0.115,0.096,0.099,0.098,0.098,0.098,0.542,0.54,0.097,0.096,0.558,0.57,0.1,0.545,0.534,0.575,0.609,0.098,0.854,0.914,0.097,0.098,0.102,0.6,0.099,0.539,0.669,0.594,0.579,0.582,0.13,0.869,0.098,0.098,0.1,0.601,0.097,0.1,0.576,0.579,0.586,0.098,0.105,0.93,0.097,0.098,0.1,0.689,0.099,0.102,0.101,0.666,0.315,0.588,0.123,0.573,0.095,0.096,0.099,0.103,0.099,0.534,0.101,0.098,0.097,0.101,0.096,0.097,0.099,0.096,0.103,0.101,0.097,0.52,0.1,0.098,0.097,0.096,0.096,0.097,0.096,0.095,0.098,0.101,0.1,0.096,0.096,0.097,0.097,0.096,0.097,0.099,0.097,0.098,0.096,0.1
3:48:00,37,0.115,0.096,0.099,0.098,0.098,0.098,0.551,0.548,0.097,0.096,0.568,0.578,0.098,0.556,0.545,0.585,0.623,0.099,0.87,0.924,0.097,0.097,0.102,0.608,0.099,0.549,0.68,0.606,0.589,0.593,0.129,0.882,0.098,0.098,0.1,0.612,0.096,0.099,0.587,0.592,0.597,0.098,0.104,0.943,0.096,0.098,0.1,0.702,0.099,0.102,0.101,0.68,0.359,0.598,0.123,0.594,0.095,0.096,0.098,0.103,0.099,0.545,0.099,0.098,0.097,0.101,0.095,0.097,0.098,0.096,0.103,0.1,0.096,0.524,0.1,0.098,0.097,0.096,0.096,0.097,0.096,0.095,0.097,0.1,0.099,0.095,0.096,0.097,0.097,0.095,0.097,0.099,0.097,0.097,0.097,0.1
3:58:00,37,0.115,0.095,0.099,0.098,0.098,0.098,0.561,0.557,0.097,0.096,0.578,0.586,0.099,0.568,0.556,0.6,0.635,0.099,0.883,0.933,0.097,0.098,0.103,0.62,0.099,0.561,0.694,0.612,0.602,0.606,0.128,0.894,0.098,0.098,0.1,0.628,0.097,0.1,0.598,0.6,0.611,0.098,0.104,0.957,0.096,0.098,0.101,0.715,0.099,0.102,0.101,0.69,0.384,0.614,0.124,0.61,0.095,0.096,0.099,0.103,0.099,0.557,0.103,0.098,0.097,0.101,0.096,0.097,0.099,0.097,0.104,0.1,0.097,0.535,0.1,0.098,0.098,0.096,0.097,0.098,0.097,0.095,0.098,0.1,0.1,0.096,0.096,0.097,0.098,0.096,0.097,0.099,0.097,0.098,0.097,0.101
4:08:00,37,0.114,0.095,0.099,0.097,0.098,0.098,0.569,0.566,0.097,0.096,0.587,0.596,0.099,0.575,0.565,0.606,0.648,0.098,0.893,0.941,0.097,0.097,0.102,0.632,0.099,0.572,0.703,0.616,0.616,0.619,0.127,0.903,0.097,0.098,0.099,0.637,0.097,0.1,0.603,0.603,0.623,0.098,0.104,0.968,0.096,0.098,0.1,0.726,0.099,0.102,0.101,0.701,0.407,0.631,0.119,0.622,0.096,0.096,0.098,0.103,0.099,0.567,0.1,0.098,0.096,0.101,0.095,0.097,0.098,0.096,0.102,0.1,0.097,0.549,0.101,0.098,0.097,0.096,0.096,0.097,0.096,0.095,0.097,0.1,0.1,0.096,0.096,0.097,0.097,0.095,0.097,0.099,0.097,0.097,0.097,0.101
4:18:00,37,0.115,0.096,0.099,0.098,0.098,0.098,0.578,0.575,0.097,0.096,0.597,0.607,0.099,0.585,0.576,0.61,0.656,0.099,0.902,0.954,0.098,0.097,0.102,0.641,0.099,0.582,0.712,0.622,0.627,0.631,0.127,0.911,0.098,0.098,0.099,0.642,0.097,0.1,0.61,0.608,0.629,0.098,0.105,0.979,0.097,0.098,0.1,0.739,0.1,0.103,0.102,0.707,0.43,0.651,0.121,0.64,0.095,0.096,0.098,0.104,0.099,0.577,0.103,0.098,0.097,0.101,0.096,0.097,0.099,0.096,0.103,0.101,0.097,0.553,0.1,0.098,0.097,0.096,0.097,0.098,0.097,0.095,0.098,0.101,0.1,0.096,0.097,0.097,0.097,0.096,0.097,0.099,0.097,0.098,0.097,0.1
4:28:00,37,0.114,0.095,0.099,0.097,0.098,0.098,0.589,0.584,0.096,0.096,0.606,0.612,0.099,0.595,0.586,0.614,0.66,0.099,0.91,0.962,0.097,0.097,0.102,0.645,0.099,0.59,0.718,0.632,0.632,0.637,0.126,0.919,0.097,0.098,0.099,0.645,0.096,0.1,0.619,0.617,0.632,0.098,0.104,0.988,0.096,0.098,0.1,0.744,0.099,0.103,0.101,0.713,0.45,0.662,0.119,0.646,0.095,0.095,0.098,0.103,0.099,0.586,0.109,0.098,0.097,0.1,0.095,0.097,0.098,0.096,0.103,0.1,0.096,0.573,0.099,0.097,0.097,0.096,0.097,0.097,0.096,0.095,0.097,0.1,0.099,0.096,0.096,0.097,0.098,0.095,0.096,0.099,0.097,0.097,0.096,0.1
4:38:00,37,0.115,0.095,0.099,0.098,0.098,0.098,0.596,0.593,0.097,0.096,0.61,0.616,0.099,0.604,0.596,0.624,0.667,0.099,0.918,0.97,0.097,0.097,0.102,0.649,0.099,0.6,0.726,0.636,0.64,0.642,0.125,0.927,0.098,0.098,0.099,0.653,0.097,0.1,0.623,0.624,0.644,0.098,0.104,0.998,0.096,0.098,0.1,0.748,0.099,0.104,0.102,0.719,0.474,0.671,0.122,0.646,0.095,0.096,0.098,0.103,0.099,0.599,0.099,0.098,0.096,0.101,0.096,0.097,0.098,0.096,0.103,0.1,0.097,0.573,0.103,0.098,0.097,0.096,0.097,0.097,0.096,0.095,0.097,0.1,0.099,0.095,0.096,0.097,0.097,0.096,0.097,0.099,0.097,0.097,0.097,0.101
4:48:00,37,0.115,0.096,0.1,0.098,0.098,0.098,0.599,0.597,0.097,0.097,0.614,0.619,0.099,0.608,0.6,0.629,0.676,0.1,0.925,0.978,0.097,0.098,0.102,0.652,0.099,0.611,0.733,0.637,0.65,0.658,0.126,0.934,0.098,0.098,0.099,0.662,0.097,0.101,0.625,0.627,0.648,0.098,0.105,1.008,0.097,0.098,0.1,0.753,0.099,0.106,0.102,0.725,0.495,0.68,0.124,0.662,0.095,0.096,0.098,0.103,0.099,0.607,0.099,0.099,0.097,0.101,0.096,0.097,0.098,0.096,0.103,0.1,0.097,0.593,0.103,0.098,0.097,0.096,0.097,0.097,0.096,0.095,0.097,0.101,0.1,0.096,0.096,0.097,0.097,0.096,0.097,0.099,0.097,0.098,0.097,0.1
4:58:00,37,0.115,0.095,0.099,0.097,0.098,0.098,0.602,0.6,0.097,0.096,0.62,0.621,0.098,0.608,0.601,0.636,0.679,0.1,0.933,0.985,0.097,0.097,0.102,0.662,0.099,0.615,0.738,0.637,0.652,0.657,0.124,0.942,0.098,0.098,0.099,0.665,0.097,0.101,0.623,0.627,0.65,0.098,0.104,1.017,0.097,0.097,0.1,0.758,0.099,0.108,0.102,0.731,0.512,0.687,0.124,0.672,0.095,0.096,0.098,0.103,0.099,0.61,0.101,0.098,0.097,0.101,0.096,0.097,0.098,0.096,0.103,0.1,0.097,0.583,0.103,0.098,0.097,0.096,0.096,0.097,0.096,0.095,0.097,0.1,0.1,0.096,0.096,0.097,0.097,0.095,0.097,0.099,0.097,0.098,0.096,0.1
5:08:00,37,0.116,0.096,0.099,0.098,0.098,0.098,0.61,0.603,0.097,0.096,0.626,0.626,0.099,0.606,0.598,0.632,0.681,0.101,0.941,0.993,0.097,0.097,0.102,0.666,0.099,0.617,0.742,0.637,0.654,0.658,0.124,0.95,0.098,0.098,0.1,0.666,0.097,0.101,0.623,0.626,0.649,0.098,0.104,1.026,0.097,0.098,0.1,0.763,0.1,0.109,0.102,0.738,0.524,0.689,0.124,0.68,0.094,0.096,0.098,0.103,0.099,0.614,0.105,0.098,0.096,0.101,0.096,0.097,0.098,0.096,0.103,0.1,0.096,0.583,0.103,0.098,0.097,0.096,0.097,0.098,0.096,0.095,0.098,0.101,0.1,0.096,0.096,0.097,0.097,0.096,0.097,0.099,0.097,0.098,0.097,0.101
5:18:00,37,0.116,0.095,0.1,0.098,0.098,0.098,0.615,0.612,0.097,0.096,0.629,0.63,0.099,0.606,0.597,0.633,0.681,0.103,0.948,1.002,0.097,0.097,0.103,0.669,0.098,0.616,0.744,0.636,0.653,0.659,0.124,0.959,0.098,0.098,0.1,0.666,0.097,0.103,0.621,0.625,0.651,0.099,0.104,1.037,0.096,0.098,0.102,0.767,0.1,0.112,0.102,0.741,0.533,0.691,0.117,0.676,0.095,0.096,0.099,0.103,0.099,0.608,0.1,0.098,0.097,0.101,0.096,0.097,0.099,0.096,0.103,0.1,0.097,0.584,0.1,0.098,0.097,0.096,0.097,0.098,0.097,0.095,0.097,0.1,0.1,0.096,0.096,0.097,0.098,0.096,0.097,0.099,0.097,0.098,0.097,0.101
5:28:00,37,0.116,0.096,0.1,0.098,0.098,0.098,0.616,0.616,0.097,0.096,0.629,0.632,0.099,0.605,0.596,0.63,0.679,0.103,0.955,1.011,0.097,0.097,0.103,0.669,0.1,0.619,0.747,0.634,0.652,0.66,0.124,0.968,0.098,0.098,0.1,0.664,0.097,0.103,0.62,0.623,0.648,0.098,0.104,1.045,0.096,0.098,0.102,0.772,0.099,0.115,0.102,0.745,0.542,0.694,0.124,0.681,0.095,0.096,0.099,0.103,0.099,0.607,0.099,0.098,0.097,0.101,0.096,0.097,0.098,0.096,0.103,0.1,0.097,0.584,0.103,0.098,0.097,0.096,0.097,0.098,0.097,0.095,0.097,0.101,0.1,0.096,0.096,0.097,0.098,0.096,0.097,0.099,0.097,0.098,0.097,0.1
5:38:00,37,0.116,0.095,0.099,0.098,0.098,0.098,0.616,0.617,0.097,0.096,0.628,0.631,0.099,0.603,0.596,0.628,0.676,0.104,0.962,1.022,0.097,0.097,0.102,0.667,0.099,0.612,0.754,0.632,0.65,0.655,0.123,0.975,0.098,0.098,0.1,0.666,0.096,0.104,0.62,0.622,0.647,0.098,0.103,1.059,0.096,0.098,0.1,0.777,0.099,0.119,0.102,0.748,0.552,0.699,0.123,0.697,0.095,0.096,0.098,0.103,0.098,0.611,0.103,0.098,0.096,0.101,0.095,0.097,0.098,0.096,0.103,0.101,0.096,0.578,0.102,0.098,0.096,0.096,0.096,0.097,0.096,0.095,0.097,0.1,0.099,0.095,0.096,0.097,0.097,0.096,0.097,0.099,0.097,0.098,0.097,0.1
5:48:00,37,0.116,0.096,0.1,0.098,0.098,0.098,0.615,0.618,0.097,0.097,0.627,0.63,0.099,0.602,0.595,0.626,0.675,0.107,0.97,1.031,0.098,0.098,0.103,0.664,0.099,0.612,0.78,0.632,0.65,0.655,0.123,0.983,0.098,0.098,0.099,0.662,0.097,0.106,0.619,0.622,0.645,0.098,0.104,1.074,0.097,0.098,0.1,0.78,0.1,0.125,0.102,0.75,0.563,0.703,0.125,0.701,0.095,0.096,0.099,0.103,0.099,0.611,0.1,0.099,0.097,0.101,0.096,0.097,0.099,0.097,0.103,0.101,0.097,0.584,0.104,0.099,0.097,0.096,0.097,0.098,0.097,0.096,0.098,0.1,0.1,0.096,0.096,0.098,0.098,0.096,0.097,0.099,0.097,0.098,0.097,0.101
5:58:00,37,0.116,0.096,0.1,0.098,0.098,0.098,0.612,0.616,0.097,0.097,0.624,0.627,0.099,0.6,0.602,0.625,0.673,0.109,0.977,1.036,0.097,0.097,0.103,0.661,0.099,0.609,0.781,0.63,0.648,0.662,0.123,0.99,0.098,0.098,0.099,0.66,0.097,0.107,0.618,0.622,0.645,0.098,0.104,1.082,0.096,0.098,0.101,0.781,0.099,0.132,0.102,0.753,0.577,0.707,0.121,0.71,0.095,0.096,0.099,0.103,0.099,0.605,0.106,0.099,0.097,0.101,0.096,0.097,0.099,0.097,0.103,0.1,0.097,0.577,0.1,0.098,0.097,0.096,0.097,0.097,0.097,0.095,0.098,0.1,0.1,0.096,0.096,0.098,0.097,0.096,0.097,0.099,0.097,0.098,0.097,0.1
6:08:00,37,0.116,0.096,0.1,0.098,0.098,0.098,0.61,0.614,0.097,0.096,0.623,0.623,0.099,0.599,0.593,0.625,0.672,0.112,0.985,1.041,0.097,0.098,0.102,0.66,0.099,0.608,0.781,0.63,0.648,0.655,0.124,1,0.099,0.098,0.1,0.659,0.097,0.11,0.619,0.621,0.645,0.098,0.103,1.085,0.097,0.098,0.101,0.783,0.1,0.141,0.102,0.761,0.585,0.715,0.113,0.721,0.095,0.096,0.099,0.103,0.099,0.605,0.1,0.099,0.097,0.101,0.096,0.098,0.099,0.096,0.103,0.1,0.097,0.576,0.103,0.098,0.097,0.096,0.097,0.098,0.097,0.095,0.098,0.101,0.1,0.096,0.096,0.098,0.098,0.096,0.097,0.099,0.098,0.098,0.097,0.1
6:18:00,37,0.117,0.095,0.099,0.098,0.098,0.098,0.607,0.611,0.097,0.096,0.622,0.62,0.099,0.597,0.591,0.622,0.669,0.116,0.993,1.046,0.097,0.098,0.102,0.658,0.099,0.606,0.756,0.629,0.647,0.654,0.125,1.011,0.098,0.098,0.1,0.657,0.096,0.113,0.617,0.619,0.644,0.101,0.103,1.088,0.096,0.098,0.1,0.785,0.1,0.152,0.102,0.767,0.588,0.723,0.125,0.72,0.095,0.096,0.099,0.104,0.099,0.603,0.105,0.099,0.097,0.101,0.096,0.097,0.099,0.096,0.103,0.1,0.097,0.581,0.1,0.098,0.097,0.096,0.097,0.097,0.097,0.095,0.097,0.1,0.1,0.096,0.096,0.097,0.097,0.096,0.096,0.099,0.097,0.098,0.097,0.1
6:28:00,37,0.117,0.095,0.099,0.097,0.098,0.098,0.606,0.61,0.096,0.096,0.62,0.617,0.099,0.595,0.59,0.621,0.668,0.121,1.004,1.056,0.097,0.097,0.102,0.655,0.099,0.605,0.754,0.627,0.646,0.653,0.125,1.018,0.097,0.098,0.099,0.656,0.097,0.118,0.617,0.618,0.643,0.098,0.103,1.09,0.096,0.098,0.1,0.787,0.099,0.164,0.101,0.768,0.599,0.733,0.126,0.735,0.095,0.096,0.098,0.103,0.099,0.603,0.104,0.098,0.096,0.1,0.096,0.097,0.098,0.096,0.103,0.1,0.097,0.575,0.099,0.098,0.097,0.096,0.097,0.097,0.096,0.095,0.097,0.1,0.1,0.096,0.096,0.097,0.097,0.096,0.097,0.098,0.097,0.098,0.096,0.1
6:38:00,37,0.117,0.096,0.1,0.098,0.098,0.098,0.604,0.609,0.097,0.096,0.62,0.616,0.099,0.593,0.589,0.621,0.667,0.127,1.014,1.064,0.097,0.098,0.103,0.655,0.099,0.603,0.772,0.627,0.652,0.654,0.125,1.024,0.098,0.098,0.099,0.655,0.098,0.123,0.615,0.618,0.644,0.098,0.103,1.095,0.097,0.098,0.1,0.795,0.099,0.17,0.102,0.766,0.603,0.739,0.125,0.731,0.095,0.096,0.098,0.103,0.099,0.601,0.099,0.098,0.097,0.101,0.096,0.097,0.099,0.097,0.103,0.1,0.097,0.575,0.1,0.098,0.097,0.096,0.097,0.098,0.097,0.095,0.098,0.101,0.1,0.096,0.097,0.097,0.098,0.096,0.097,0.099,0.097,0.098,0.097,0.1
6:48:00,37,0.117,0.096,0.1,0.098,0.099,0.099,0.603,0.607,0.097,0.096,0.618,0.613,0.099,0.592,0.588,0.62,0.666,0.136,1.021,1.07,0.097,0.097,0.102,0.652,0.099,0.601,0.77,0.625,0.646,0.652,0.125,1.027,0.098,0.098,0.1,0.654,0.097,0.13,0.614,0.617,0.642,0.098,0.103,1.098,0.097,0.098,0.1,0.799,0.1,0.181,0.102,0.765,0.605,0.744,0.125,0.735,0.096,0.096,0.098,0.103,0.099,0.599,0.1,0.099,0.097,0.101,0.097,0.097,0.099,0.096,0.103,0.1,0.097,0.573,0.1,0.098,0.097,0.097,0.097,0.098,0.097,0.095,0.097,0.1,0.1,0.096,0.096,0.097,0.097,0.096,0.097,0.098,0.098,0.098,0.097,0.1
6:58:00,37,0.116,0.095,0.099,0.097,0.098,0.098,0.601,0.604,0.097,0.096,0.615,0.61,0.098,0.592,0.586,0.617,0.664,0.144,1.024,1.073,0.097,0.097,0.103,0.651,0.099,0.599,0.77,0.623,0.65,0.651,0.126,1.031,0.098,0.098,0.099,0.652,0.096,0.138,0.613,0.614,0.641,0.097,0.103,1.102,0.096,0.098,0.099,0.799,0.099,0.196,0.102,0.763,0.605,0.749,0.124,0.74,0.095,0.096,0.098,0.103,0.099,0.598,0.101,0.098,0.097,0.101,0.096,0.097,0.098,0.096,0.102,0.1,0.096,0.571,0.099,0.098,0.096,0.096,0.096,0.097,0.096,0.095,0.097,0.1,0.1,0.095,0.096,0.097,0.097,0.095,0.096,0.098,0.097,0.097,0.096,0.1
7:08:00,37,0.116,0.096,0.1,0.098,0.098,0.098,0.6,0.603,0.097,0.096,0.613,0.607,0.098,0.591,0.584,0.615,0.664,0.154,1.028,1.076,0.098,0.097,0.102,0.647,0.099,0.6,0.747,0.639,0.644,0.65,0.132,1.043,0.098,0.098,0.1,0.65,0.097,0.148,0.614,0.612,0.64,0.098,0.103,1.106,0.096,0.098,0.1,0.798,0.1,0.221,0.102,0.761,0.604,0.754,0.125,0.742,0.095,0.096,0.098,0.103,0.099,0.598,0.1,0.098,0.097,0.101,0.097,0.097,0.099,0.097,0.103,0.1,0.097,0.575,0.1,0.098,0.097,0.096,0.097,0.098,0.097,0.095,0.097,0.1,0.1,0.096,0.097,0.097,0.097,0.096,0.097,0.099,0.097,0.098,0.097,0.101
7:18:00,37,0.116,0.095,0.1,0.098,0.098,0.098,0.597,0.601,0.097,0.096,0.612,0.604,0.099,0.589,0.582,0.614,0.66,0.157,1.034,1.076,0.097,0.097,0.102,0.645,0.099,0.599,0.765,0.621,0.643,0.65,0.127,1.051,0.098,0.098,0.099,0.647,0.097,0.159,0.614,0.611,0.639,0.098,0.103,1.109,0.096,0.098,0.1,0.796,0.1,0.244,0.102,0.758,0.603,0.758,0.12,0.754,0.095,0.096,0.098,0.102,0.099,0.604,0.105,0.098,0.097,0.101,0.097,0.097,0.099,0.097,0.103,0.1,0.096,0.574,0.099,0.098,0.097,0.095,0.097,0.098,0.097,0.095,0.098,0.1,0.099,0.096,0.096,0.097,0.097,0.096,0.097,0.098,0.097,0.098,0.096,0.1
7:28:00,37,0.116,0.095,0.1,0.098,0.098,0.098,0.594,0.6,0.097,0.096,0.611,0.602,0.099,0.588,0.583,0.614,0.66,0.167,1.041,1.077,0.097,0.097,0.103,0.644,0.099,0.598,0.765,0.62,0.642,0.649,0.128,1.056,0.098,0.098,0.1,0.65,0.097,0.163,0.613,0.61,0.639,0.098,0.103,1.115,0.096,0.098,0.1,0.793,0.099,0.273,0.102,0.757,0.603,0.763,0.124,0.766,0.095,0.096,0.099,0.103,0.099,0.597,0.1,0.098,0.097,0.102,0.097,0.097,0.099,0.097,0.103,0.1,0.097,0.568,0.1,0.098,0.097,0.096,0.097,0.098,0.097,0.095,0.098,0.1,0.1,0.096,0.097,0.097,0.097,0.096,0.097,0.099,0.097,0.098,0.097,0.1
7:38:00,37,0.116,0.095,0.099,0.098,0.098,0.098,0.593,0.596,0.097,0.096,0.609,0.599,0.099,0.586,0.581,0.613,0.659,0.178,1.045,1.076,0.097,0.098,0.102,0.643,0.099,0.598,0.751,0.62,0.639,0.646,0.13,1.06,0.098,0.098,0.099,0.646,0.096,0.174,0.611,0.609,0.638,0.098,0.103,1.125,0.096,0.098,0.1,0.791,0.099,0.304,0.102,0.755,0.601,0.766,0.122,0.758,0.095,0.096,0.098,0.102,0.099,0.595,0.106,0.098,0.097,0.101,0.097,0.097,0.098,0.096,0.103,0.1,0.097,0.573,0.1,0.098,0.097,0.096,0.096,0.097,0.097,0.095,0.097,0.1,0.099,0.096,0.096,0.097,0.097,0.095,0.097,0.098,0.097,0.097,0.096,0.1
7:48:00,37,0.116,0.095,0.099,0.098,0.098,0.098,0.591,0.594,0.097,0.096,0.608,0.598,0.098,0.585,0.58,0.612,0.658,0.194,1.049,1.074,0.097,0.097,0.103,0.641,0.099,0.595,0.735,0.619,0.639,0.645,0.13,1.062,0.098,0.098,0.1,0.645,0.097,0.187,0.609,0.609,0.637,0.098,0.103,1.13,0.096,0.098,0.1,0.788,0.099,0.338,0.102,0.754,0.6,0.771,0.123,0.76,0.095,0.096,0.099,0.102,0.099,0.598,0.101,0.098,0.096,0.101,0.098,0.097,0.099,0.097,0.103,0.1,0.097,0.564,0.1,0.098,0.097,0.096,0.097,0.097,0.097,0.095,0.097,0.1,0.1,0.096,0.096,0.097,0.097,0.096,0.097,0.099,0.097,0.098,0.097,0.099
7:58:00,37,0.116,0.095,0.099,0.097,0.098,0.098,0.59,0.593,0.096,0.096,0.606,0.596,0.098,0.583,0.579,0.611,0.657,0.211,1.049,1.074,0.097,0.097,0.102,0.64,0.098,0.595,0.734,0.617,0.637,0.643,0.13,1.062,0.097,0.098,0.099,0.643,0.096,0.211,0.607,0.607,0.634,0.097,0.103,1.133,0.096,0.098,0.1,0.786,0.099,0.371,0.102,0.75,0.599,0.778,0.125,0.751,0.095,0.096,0.098,0.103,0.099,0.592,0.099,0.098,0.096,0.101,0.097,0.097,0.098,0.096,0.102,0.099,0.096,0.562,0.099,0.098,0.096,0.096,0.096,0.097,0.096,0.095,0.097,0.1,0.099,0.095,0.096,0.097,0.097,0.095,0.096,0.098,0.097,0.097,0.096,0.1
8:08:00,37,0.115,0.095,0.099,0.097,0.098,0.098,0.589,0.592,0.097,0.096,0.605,0.593,0.098,0.582,0.578,0.61,0.661,0.229,1.048,1.073,0.097,0.097,0.103,0.638,0.099,0.591,0.733,0.615,0.636,0.647,0.133,1.062,0.097,0.098,0.099,0.641,0.097,0.229,0.605,0.606,0.633,0.097,0.103,1.136,0.096,0.097,0.099,0.782,0.099,0.397,0.101,0.747,0.599,0.779,0.12,0.75,0.094,0.096,0.098,0.103,0.098,0.598,0.105,0.098,0.096,0.101,0.099,0.096,0.098,0.096,0.102,0.1,0.096,0.56,0.099,0.098,0.096,0.096,0.096,0.097,0.096,0.095,0.097,0.1,0.099,0.095,0.096,0.097,0.097,0.095,0.097,0.098,0.096,0.097,0.096,0.099
8:18:00,37,0.116,0.095,0.1,0.097,0.098,0.098,0.587,0.592,0.097,0.096,0.604,0.591,0.098,0.58,0.576,0.608,0.655,0.251,1.048,1.072,0.097,0.097,0.102,0.638,0.099,0.591,0.757,0.614,0.644,0.643,0.134,1.061,0.098,0.098,0.099,0.64,0.096,0.251,0.605,0.605,0.632,0.098,0.103,1.138,0.096,0.098,0.1,0.78,0.099,0.421,0.102,0.746,0.599,0.78,0.127,0.751,0.095,0.095,0.098,0.103,0.098,0.589,0.101,0.098,0.097,0.101,0.099,0.097,0.099,0.096,0.103,0.1,0.097,0.566,0.099,0.098,0.096,0.096,0.096,0.097,0.096,0.095,0.097,0.1,0.099,0.096,0.096,0.097,0.097,0.096,0.097,0.098,0.097,0.097,0.096,0.1
8:28:00,37,0.116,0.095,0.099,0.098,0.098,0.098,0.585,0.589,0.097,0.096,0.602,0.587,0.098,0.579,0.574,0.607,0.653,0.278,1.046,1.069,0.097,0.097,0.102,0.635,0.099,0.589,0.739,0.613,0.636,0.642,0.137,1.06,0.098,0.098,0.099,0.638,0.097,0.281,0.603,0.604,0.632,0.098,0.103,1.139,0.096,0.098,0.1,0.776,0.099,0.44,0.102,0.745,0.598,0.778,0.125,0.742,0.095,0.096,0.098,0.103,0.099,0.589,0.1,0.098,0.097,0.101,0.101,0.097,0.099,0.096,0.103,0.1,0.097,0.563,0.1,0.098,0.097,0.096,0.096,0.097,0.097,0.095,0.097,0.1,0.099,0.096,0.096,0.097,0.097,0.095,0.097,0.098,0.097,0.097,0.096,0.099
8:38:00,37,0.116,0.096,0.1,0.098,0.098,0.098,0.583,0.587,0.097,0.096,0.6,0.585,0.098,0.579,0.574,0.607,0.654,0.301,1.045,1.068,0.097,0.097,0.103,0.633,0.099,0.588,0.728,0.612,0.634,0.651,0.138,1.059,0.098,0.098,0.099,0.637,0.097,0.311,0.603,0.602,0.63,0.098,0.103,1.141,0.096,0.098,0.1,0.776,0.1,0.458,0.102,0.743,0.598,0.776,0.127,0.748,0.095,0.096,0.099,0.103,0.099,0.587,0.1,0.098,0.097,0.102,0.102,0.097,0.099,0.097,0.103,0.1,0.097,0.557,0.1,0.098,0.097,0.096,0.097,0.098,0.097,0.095,0.098,0.101,0.1,0.096,0.097,0.098,0.097,0.096,0.097,0.099,0.098,0.098,0.097,0.1
8:48:00,37,0.117,0.095,0.1,0.098,0.098,0.098,0.581,0.585,0.097,0.096,0.598,0.582,0.098,0.577,0.572,0.605,0.651,0.317,1.043,1.069,0.097,0.097,0.102,0.631,0.099,0.587,0.739,0.611,0.646,0.641,0.141,1.057,0.098,0.098,0.099,0.635,0.097,0.335,0.625,0.601,0.629,0.098,0.103,1.139,0.097,0.098,0.1,0.773,0.1,0.475,0.102,0.742,0.598,0.774,0.122,0.747,0.095,0.096,0.099,0.103,0.099,0.593,0.102,0.099,0.097,0.102,0.103,0.097,0.099,0.097,0.103,0.1,0.097,0.562,0.099,0.098,0.097,0.096,0.097,0.097,0.097,0.095,0.098,0.1,0.1,0.096,0.096,0.097,0.097,0.096,0.097,0.099,0.097,0.098,0.097,0.1
8:58:00,37,0.116,0.095,0.099,0.098,0.098,0.098,0.58,0.583,0.097,0.096,0.596,0.579,0.098,0.577,0.57,0.603,0.651,0.334,1.039,1.07,0.097,0.097,0.103,0.63,0.099,0.586,0.723,0.609,0.645,0.639,0.144,1.058,0.098,0.098,0.099,0.633,0.096,0.355,0.617,0.6,0.628,0.098,0.104,1.139,0.096,0.097,0.099,0.771,0.099,0.49,0.102,0.741,0.595,0.772,0.119,0.744,0.095,0.096,0.098,0.104,0.099,0.586,0.099,0.098,0.097,0.101,0.105,0.097,0.099,0.096,0.102,0.1,0.097,0.554,0.1,0.098,0.096,0.096,0.096,0.097,0.097,0.095,0.097,0.1,0.099,0.095,0.096,0.097,0.097,0.095,0.096,0.098,0.097,0.098,0.096,0.099
9:08:00,37,0.117,0.096,0.1,0.098,0.098,0.099,0.577,0.581,0.097,0.097,0.594,0.576,0.099,0.576,0.569,0.602,0.649,0.352,1.037,1.072,0.098,0.098,0.103,0.628,0.099,0.584,0.72,0.609,0.632,0.638,0.148,1.057,0.098,0.098,0.1,0.632,0.097,0.375,0.629,0.599,0.628,0.098,0.103,1.138,0.097,0.098,0.1,0.769,0.1,0.505,0.102,0.74,0.596,0.771,0.121,0.743,0.095,0.096,0.099,0.103,0.099,0.585,0.1,0.099,0.097,0.102,0.107,0.098,0.099,0.097,0.103,0.1,0.097,0.553,0.1,0.098,0.097,0.096,0.097,0.097,0.097,0.095,0.098,0.101,0.1,0.095,0.096,0.098,0.097,0.096,0.097,0.099,0.097,0.098,0.097,0.1
9:18:00,37,0.116,0.095,0.1,0.098,0.098,0.097,0.575,0.579,0.097,0.097,0.592,0.575,0.098,0.574,0.568,0.601,0.647,0.369,1.036,1.074,0.097,0.097,0.103,0.626,0.099,0.584,0.717,0.607,0.63,0.637,0.152,1.055,0.098,0.098,0.099,0.631,0.097,0.394,0.64,0.598,0.626,0.097,0.103,1.138,0.096,0.098,0.1,0.767,0.1,0.512,0.102,0.738,0.601,0.768,0.125,0.739,0.095,0.096,0.099,0.103,0.099,0.584,0.099,0.099,0.097,0.102,0.109,0.097,0.099,0.096,0.103,0.1,0.097,0.554,0.1,0.098,0.097,0.096,0.097,0.097,0.097,0.095,0.098,0.1,0.099,0.096,0.096,0.097,0.097,0.096,0.097,0.099,0.097,0.098,0.097,0.099
9:28:00,37,0.116,0.096,0.1,0.098,0.099,0.098,0.574,0.578,0.097,0.096,0.59,0.572,0.099,0.574,0.567,0.6,0.647,0.386,1.037,1.073,0.097,0.098,0.103,0.624,0.099,0.583,0.716,0.607,0.632,0.636,0.156,1.055,0.098,0.098,0.1,0.63,0.097,0.411,0.6,0.597,0.625,0.098,0.103,1.139,0.096,0.098,0.1,0.765,0.1,0.521,0.102,0.738,0.596,0.766,0.126,0.733,0.095,0.096,0.099,0.103,0.099,0.584,0.102,0.099,0.097,0.102,0.112,0.098,0.099,0.097,0.103,0.1,0.097,0.551,0.1,0.098,0.097,0.096,0.097,0.098,0.097,0.095,0.098,0.1,0.1,0.096,0.096,0.098,0.097,0.096,0.097,0.099,0.097,0.098,0.097,0.1
9:38:00,37,0.116,0.095,0.099,0.098,0.098,0.098,0.572,0.575,0.097,0.096,0.589,0.569,0.098,0.572,0.566,0.6,0.646,0.399,1.037,1.072,0.097,0.097,0.102,0.623,0.098,0.582,0.712,0.605,0.628,0.634,0.161,1.054,0.098,0.098,0.099,0.628,0.096,0.424,0.598,0.596,0.624,0.097,0.103,1.14,0.096,0.097,0.1,0.763,0.1,0.53,0.102,0.736,0.596,0.764,0.124,0.735,0.095,0.095,0.098,0.102,0.099,0.59,0.101,0.098,0.097,0.101,0.115,0.097,0.098,0.096,0.102,0.1,0.097,0.55,0.099,0.098,0.096,0.096,0.096,0.097,0.097,0.094,0.099,0.1,0.099,0.095,0.096,0.097,0.097,0.096,0.097,0.098,0.097,0.098,0.097,0.099
9:48:00,37,0.116,0.096,0.1,0.097,0.098,0.098,0.571,0.574,0.097,0.096,0.588,0.566,0.098,0.571,0.566,0.598,0.646,0.411,1.037,1.072,0.097,0.097,0.102,0.622,0.099,0.581,0.71,0.604,0.639,0.633,0.167,1.054,0.098,0.098,0.099,0.627,0.096,0.437,0.598,0.595,0.629,0.098,0.103,1.141,0.096,0.098,0.1,0.763,0.099,0.54,0.102,0.734,0.595,0.762,0.121,0.731,0.095,0.096,0.098,0.102,0.099,0.582,0.1,0.099,0.097,0.101,0.119,0.097,0.098,0.096,0.103,0.1,0.097,0.549,0.099,0.098,0.097,0.096,0.097,0.097,0.097,0.095,0.098,0.1,0.099,0.095,0.096,0.097,0.097,0.095,0.096,0.098,0.097,0.097,0.096,0.1
9:58:00,37,0.116,0.095,0.1,0.098,0.098,0.098,0.568,0.573,0.097,0.097,0.587,0.564,0.099,0.571,0.564,0.597,0.644,0.427,1.037,1.072,0.097,0.097,0.103,0.621,0.099,0.58,0.708,0.603,0.626,0.632,0.173,1.054,0.098,0.098,0.099,0.626,0.097,0.448,0.597,0.594,0.623,0.097,0.102,1.143,0.097,0.098,0.1,0.76,0.1,0.548,0.102,0.733,0.594,0.761,0.124,0.729,0.095,0.096,0.099,0.103,0.099,0.581,0.099,0.099,0.097,0.101,0.123,0.097,0.099,0.096,0.103,0.099,0.097,0.557,0.1,0.098,0.097,0.096,0.097,0.097,0.097,0.095,0.097,0.1,0.099,0.095,0.096,0.097,0.097,0.096,0.097,0.098,0.097,0.098,0.097,0.1
10:08:00,37,0.117,0.095,0.101,0.098,0.098,0.099,0.568,0.571,0.098,0.097,0.586,0.562,0.099,0.571,0.564,0.597,0.644,0.436,1.036,1.07,0.098,0.098,0.104,0.62,0.099,0.58,0.706,0.603,0.626,0.632,0.182,1.059,0.099,0.099,0.1,0.625,0.097,0.458,0.627,0.594,0.622,0.098,0.103,1.144,0.097,0.098,0.1,0.76,0.1,0.558,0.102,0.732,0.593,0.759,0.122,0.725,0.095,0.096,0.099,0.104,0.099,0.58,0.1,0.099,0.097,0.102,0.129,0.098,0.098,0.097,0.103,0.101,0.097,0.547,0.1,0.099,0.097,0.097,0.098,0.098,0.097,0.095,0.098,0.101,0.1,0.096,0.097,0.098,0.098,0.096,0.097,0.099,0.098,0.098,0.097,0.1
10:18:00,37,0.115,0.095,0.1,0.098,0.098,0.098,0.566,0.57,0.097,0.096,0.585,0.559,0.098,0.569,0.563,0.595,0.643,0.447,1.035,1.07,0.097,0.098,0.103,0.618,0.098,0.579,0.705,0.601,0.624,0.63,0.191,1.056,0.098,0.098,0.099,0.623,0.097,0.468,0.595,0.591,0.621,0.097,0.103,1.143,0.096,0.098,0.1,0.757,0.099,0.567,0.102,0.729,0.592,0.757,0.124,0.722,0.095,0.096,0.098,0.102,0.099,0.579,0.099,0.099,0.097,0.101,0.134,0.097,0.098,0.096,0.102,0.1,0.097,0.546,0.099,0.098,0.097,0.096,0.096,0.097,0.097,0.095,0.097,0.1,0.1,0.095,0.096,0.097,0.097,0.095,0.097,0.098,0.097,0.097,0.097,0.1
10:28:00,37,0.117,0.096,0.1,0.098,0.098,0.099,0.565,0.568,0.097,0.096,0.584,0.557,0.099,0.568,0.562,0.594,0.642,0.456,1.035,1.069,0.097,0.098,0.103,0.617,0.099,0.578,0.746,0.6,0.639,0.629,0.199,1.055,0.098,0.098,0.099,0.623,0.097,0.478,0.595,0.591,0.62,0.098,0.103,1.142,0.097,0.098,0.1,0.756,0.1,0.578,0.102,0.728,0.592,0.756,0.124,0.719,0.096,0.096,0.099,0.102,0.099,0.579,0.102,0.099,0.096,0.102,0.143,0.097,0.099,0.096,0.103,0.1,0.097,0.545,0.1,0.098,0.097,0.096,0.097,0.098,0.097,0.095,0.097,0.1,0.1,0.096,0.096,0.098,0.097,0.096,0.097,0.098,0.097,0.098,0.096,0.1
10:38:00,37,0.116,0.095,0.1,0.097,0.098,0.098,0.563,0.566,0.096,0.096,0.582,0.554,0.098,0.567,0.561,0.593,0.64,0.462,1.034,1.067,0.097,0.096,0.102,0.615,0.098,0.577,0.744,0.599,0.622,0.628,0.211,1.054,0.098,0.097,0.099,0.621,0.096,0.486,0.594,0.59,0.619,0.097,0.102,1.14,0.096,0.098,0.1,0.754,0.099,0.584,0.102,0.726,0.59,0.754,0.123,0.718,0.095,0.095,0.099,0.102,0.099,0.578,0.099,0.098,0.096,0.101,0.147,0.097,0.098,0.096,0.102,0.1,0.097,0.543,0.099,0.098,0.097,0.096,0.096,0.097,0.096,0.095,0.097,0.1,0.1,0.095,0.096,0.097,0.097,0.095,0.097,0.098,0.097,0.097,0.097,0.1
10:48:00,37,0.116,0.095,0.1,0.098,0.098,0.098,0.561,0.564,0.097,0.096,0.58,0.552,0.098,0.566,0.56,0.592,0.64,0.473,1.034,1.067,0.097,0.097,0.103,0.614,0.099,0.576,0.7,0.598,0.623,0.627,0.226,1.055,0.098,0.098,0.099,0.62,0.097,0.495,0.594,0.59,0.618,0.098,0.103,1.138,0.096,0.098,0.101,0.752,0.1,0.592,0.102,0.725,0.59,0.752,0.119,0.715,0.095,0.096,0.099,0.102,0.099,0.578,0.099,0.099,0.097,0.101,0.156,0.098,0.099,0.096,0.102,0.101,0.097,0.543,0.1,0.098,0.097,0.096,0.097,0.097,0.097,0.095,0.098,0.1,0.099,0.096,0.096,0.097,0.097,0.096,0.097,0.098,0.097,0.097,0.097,0.1
10:58:00,37,0.116,0.095,0.1,0.097,0.098,0.098,0.559,0.563,0.097,0.096,0.578,0.549,0.098,0.566,0.564,0.591,0.639,0.481,1.035,1.067,0.097,0.097,0.102,0.613,0.099,0.583,0.698,0.597,0.621,0.626,0.243,1.054,0.098,0.098,0.099,0.618,0.097,0.504,0.592,0.589,0.62,0.098,0.103,1.138,0.096,0.098,0.1,0.75,0.1,0.595,0.102,0.723,0.592,0.75,0.121,0.712,0.095,0.096,0.099,0.102,0.099,0.577,0.099,0.098,0.097,0.101,0.161,0.097,0.099,0.096,0.103,0.1,0.096,0.542,0.103,0.098,0.097,0.096,0.097,0.097,0.097,0.095,0.097,0.1,0.099,0.096,0.096,0.097,0.097,0.096,0.097,0.098,0.097,0.097,0.096,0.1
11:08:00,37,0.116,0.096,0.1,0.097,0.098,0.098,0.559,0.563,0.097,0.097,0.577,0.546,0.098,0.564,0.558,0.592,0.638,0.489,1.034,1.066,0.097,0.097,0.103,0.612,0.098,0.593,0.697,0.596,0.623,0.626,0.261,1.052,0.098,0.098,0.099,0.617,0.097,0.512,0.591,0.588,0.616,0.098,0.102,1.136,0.096,0.098,0.1,0.749,0.1,0.603,0.102,0.722,0.589,0.749,0.104,0.711,0.095,0.096,0.098,0.103,0.099,0.576,0.101,0.099,0.096,0.102,0.17,0.097,0.098,0.097,0.103,0.1,0.096,0.541,0.102,0.097,0.097,0.096,0.096,0.097,0.097,0.095,0.097,0.1,0.099,0.096,0.096,0.097,0.097,0.095,0.097,0.099,0.098,0.097,0.097,0.1
11:18:00,37,0.117,0.096,0.1,0.098,0.099,0.098,0.557,0.56,0.097,0.097,0.576,0.544,0.099,0.564,0.558,0.589,0.648,0.497,1.032,1.067,0.098,0.097,0.103,0.61,0.099,0.575,0.694,0.596,0.619,0.625,0.282,1.052,0.098,0.098,0.1,0.616,0.097,0.522,0.591,0.588,0.617,0.098,0.103,1.136,0.097,0.099,0.1,0.748,0.1,0.607,0.103,0.72,0.589,0.748,0.124,0.709,0.096,0.097,0.099,0.103,0.099,0.576,0.1,0.099,0.097,0.102,0.176,0.098,0.099,0.097,0.103,0.1,0.098,0.541,0.1,0.099,0.097,0.097,0.097,0.097,0.097,0.095,0.098,0.101,0.1,0.096,0.097,0.097,0.098,0.096,0.097,0.099,0.097,0.098,0.097,0.101
11:28:00,37,0.116,0.095,0.099,0.098,0.098,0.097,0.555,0.558,0.096,0.096,0.573,0.541,0.098,0.563,0.555,0.588,0.635,0.505,1.03,1.066,0.097,0.097,0.102,0.609,0.098,0.573,0.693,0.594,0.617,0.624,0.306,1.051,0.098,0.098,0.099,0.614,0.096,0.532,0.589,0.586,0.616,0.097,0.102,1.134,0.096,0.097,0.099,0.747,0.1,0.608,0.102,0.718,0.587,0.745,0.108,0.704,0.095,0.096,0.098,0.102,0.099,0.575,0.099,0.099,0.096,0.101,0.183,0.097,0.098,0.096,0.102,0.1,0.096,0.539,0.103,0.098,0.097,0.096,0.096,0.098,0.096,0.095,0.097,0.1,0.099,0.095,0.096,0.097,0.096,0.095,0.097,0.098,0.097,0.098,0.096,0.1
11:38:00,37,0.116,0.095,0.1,0.098,0.098,0.098,0.554,0.557,0.097,0.097,0.572,0.538,0.098,0.562,0.556,0.588,0.635,0.516,1.029,1.065,0.097,0.097,0.102,0.608,0.099,0.576,0.691,0.594,0.617,0.624,0.336,1.052,0.098,0.098,0.099,0.613,0.097,0.545,0.589,0.585,0.614,0.098,0.103,1.134,0.097,0.098,0.1,0.745,0.099,0.608,0.103,0.718,0.587,0.744,0.109,0.7,0.095,0.096,0.099,0.103,0.099,0.574,0.099,0.099,0.097,0.101,0.194,0.097,0.098,0.096,0.103,0.1,0.097,0.539,0.104,0.098,0.097,0.096,0.097,0.097,0.097,0.095,0.097,0.1,0.099,0.096,0.096,0.097,0.097,0.096,0.097,0.098,0.097,0.098,0.096,0.101
11:48:00,37,0.117,0.096,0.1,0.098,0.098,0.098,0.553,0.555,0.097,0.096,0.572,0.536,0.098,0.562,0.554,0.588,0.633,0.525,1.028,1.064,0.097,0.098,0.103,0.607,0.099,0.572,0.69,0.594,0.623,0.623,0.371,1.052,0.098,0.098,0.099,0.612,0.097,0.553,0.588,0.584,0.615,0.097,0.102,1.133,0.096,0.098,0.1,0.744,0.1,0.606,0.102,0.717,0.586,0.743,0.104,0.696,0.095,0.096,0.099,0.102,0.099,0.574,0.099,0.099,0.097,0.101,0.198,0.097,0.099,0.096,0.103,0.1,0.097,0.537,0.099,0.098,0.097,0.096,0.097,0.097,0.097,0.095,0.097,0.1,0.099,0.096,0.096,0.097,0.097,0.096,0.097,0.098,0.097,0.098,0.097,0.101
11:58:00,37,0.116,0.095,0.1,0.098,0.098,0.098,0.55,0.553,0.096,0.096,0.57,0.532,0.098,0.56,0.555,0.586,0.632,0.532,1.033,1.063,0.097,0.097,0.102,0.604,0.099,0.573,0.689,0.592,0.614,0.621,0.414,1.054,0.097,0.098,0.099,0.61,0.096,0.558,0.587,0.583,0.617,0.097,0.103,1.133,0.096,0.098,0.1,0.743,0.1,0.604,0.102,0.716,0.593,0.741,0.102,0.692,0.095,0.096,0.098,0.102,0.099,0.573,0.099,0.098,0.096,0.101,0.207,0.097,0.099,0.096,0.103,0.1,0.097,0.536,0.105,0.098,0.096,0.095,0.097,0.097,0.096,0.095,0.097,0.1,0.1,0.096,0.096,0.097,0.097,0.096,0.097,0.098,0.097,0.097,0.096,0.099
12:08:00,37,0.117,0.095,0.1,0.098,0.098,0.098,0.549,0.551,0.097,0.097,0.569,0.53,0.098,0.56,0.552,0.585,0.631,0.543,1.03,1.063,0.098,0.097,0.103,0.603,0.099,0.57,0.689,0.591,0.613,0.621,0.454,1.053,0.098,0.098,0.1,0.61,0.097,0.559,0.586,0.582,0.611,0.098,0.103,1.132,0.097,0.098,0.101,0.741,0.099,0.602,0.102,0.714,0.588,0.739,0.103,0.69,0.095,0.096,0.099,0.102,0.099,0.584,0.1,0.099,0.097,0.101,0.213,0.098,0.099,0.096,0.103,0.1,0.097,0.536,0.1,0.098,0.097,0.096,0.097,0.098,0.097,0.095,0.098,0.1,0.1,0.096,0.097,0.097,0.097,0.096,0.097,0.099,0.097,0.098,0.097,0.1
12:18:00,37,0.117,0.096,0.1,0.097,0.099,0.098,0.547,0.55,0.097,0.097,0.568,0.528,0.098,0.559,0.552,0.584,0.63,0.547,1.033,1.063,0.097,0.098,0.103,0.602,0.099,0.569,0.685,0.591,0.62,0.62,0.49,1.051,0.098,0.098,0.099,0.609,0.097,0.559,0.586,0.581,0.61,0.097,0.103,1.13,0.097,0.098,0.102,0.74,0.1,0.6,0.103,0.714,0.584,0.742,0.103,0.692,0.096,0.096,0.099,0.102,0.099,0.572,0.1,0.099,0.096,0.101,0.223,0.097,0.099,0.096,0.103,0.1,0.097,0.543,0.105,0.098,0.097,0.096,0.097,0.098,0.097,0.095,0.098,0.101,0.1,0.096,0.096,0.097,0.097,0.095,0.097,0.098,0.097,0.098,0.097,0.1
12:28:00,37,0.117,0.096,0.1,0.098,0.098,0.098,0.546,0.549,0.097,0.097,0.567,0.524,0.099,0.558,0.552,0.583,0.628,0.549,1.027,1.063,0.097,0.097,0.103,0.601,0.099,0.57,0.685,0.59,0.635,0.619,0.528,1.051,0.098,0.098,0.1,0.608,0.097,0.563,0.585,0.581,0.609,0.098,0.103,1.129,0.097,0.099,0.101,0.738,0.1,0.6,0.103,0.713,0.583,0.737,0.103,0.689,0.095,0.096,0.098,0.102,0.1,0.571,0.099,0.099,0.097,0.102,0.236,0.097,0.099,0.097,0.103,0.1,0.097,0.534,0.103,0.098,0.097,0.097,0.097,0.097,0.097,0.095,0.098,0.101,0.1,0.096,0.096,0.097,0.097,0.096,0.097,0.099,0.097,0.098,0.097,0.101
12:38:00,37,0.116,0.095,0.099,0.098,0.098,0.098,0.543,0.546,0.096,0.095,0.565,0.521,0.098,0.557,0.548,0.581,0.627,0.548,1.027,1.061,0.097,0.097,0.102,0.599,0.098,0.568,0.683,0.588,0.611,0.617,0.556,1.049,0.097,0.098,0.098,0.606,0.096,0.555,0.583,0.579,0.61,0.097,0.102,1.128,0.096,0.098,0.1,0.735,0.099,0.598,0.102,0.712,0.583,0.735,0.102,0.686,0.095,0.096,0.098,0.102,0.098,0.57,0.099,0.098,0.096,0.101,0.238,0.097,0.098,0.096,0.102,0.099,0.096,0.533,0.099,0.097,0.096,0.096,0.096,0.097,0.096,0.095,0.097,0.1,0.099,0.095,0.096,0.097,0.097,0.095,0.096,0.098,0.096,0.097,0.096,0.099
12:48:00,37,0.117,0.096,0.099,0.098,0.098,0.098,0.542,0.545,0.097,0.096,0.564,0.519,0.098,0.556,0.549,0.581,0.626,0.547,1.023,1.062,0.097,0.097,0.102,0.597,0.099,0.566,0.68,0.587,0.61,0.616,0.583,1.048,0.098,0.098,0.099,0.605,0.096,0.554,0.583,0.578,0.607,0.097,0.103,1.127,0.096,0.098,0.1,0.735,0.1,0.599,0.102,0.711,0.582,0.736,0.103,0.682,0.095,0.096,0.098,0.102,0.098,0.57,0.1,0.099,0.096,0.102,0.249,0.097,0.099,0.096,0.103,0.1,0.097,0.532,0.104,0.098,0.096,0.096,0.097,0.097,0.096,0.095,0.097,0.101,0.1,0.095,0.096,0.097,0.097,0.096,0.096,0.099,0.097,0.097,0.096,0.1
12:58:00,37,0.117,0.096,0.099,0.098,0.098,0.098,0.54,0.543,0.097,0.096,0.563,0.517,0.098,0.556,0.547,0.58,0.642,0.546,1.022,1.062,0.097,0.097,0.103,0.596,0.099,0.566,0.68,0.587,0.609,0.614,0.607,1.05,0.098,0.098,0.099,0.604,0.097,0.552,0.583,0.577,0.607,0.098,0.102,1.126,0.096,0.098,0.099,0.734,0.099,0.598,0.102,0.711,0.582,0.733,0.103,0.685,0.095,0.096,0.098,0.102,0.099,0.569,0.1,0.099,0.096,0.101,0.25,0.097,0.099,0.096,0.103,0.1,0.097,0.531,0.105,0.098,0.097,0.096,0.097,0.097,0.097,0.095,0.097,0.1,0.099,0.095,0.096,0.097,0.097,0.096,0.097,0.098,0.097,0.097,0.096,0.099
13:08:00,37,0.116,0.095,0.099,0.097,0.098,0.098,0.537,0.54,0.096,0.096,0.56,0.513,0.097,0.555,0.545,0.579,0.625,0.544,1.02,1.064,0.097,0.097,0.102,0.594,0.098,0.565,0.678,0.586,0.607,0.613,0.632,1.049,0.097,0.097,0.099,0.603,0.096,0.551,0.581,0.576,0.607,0.097,0.102,1.126,0.097,0.098,0.099,0.731,0.099,0.597,0.102,0.709,0.581,0.785,0.102,0.683,0.095,0.095,0.098,0.102,0.098,0.568,0.099,0.098,0.096,0.101,0.261,0.097,0.098,0.096,0.102,0.099,0.096,0.534,0.104,0.097,0.096,0.095,0.096,0.097,0.096,0.094,0.097,0.1,0.099,0.095,0.096,0.096,0.096,0.095,0.096,0.097,0.097,0.097,0.096,0.099
13:18:00,37,0.117,0.096,0.1,0.098,0.098,0.098,0.536,0.539,0.097,0.097,0.56,0.511,0.098,0.553,0.544,0.579,0.623,0.543,1.02,1.061,0.097,0.097,0.103,0.594,0.099,0.564,0.675,0.586,0.609,0.613,0.653,1.049,0.098,0.099,0.099,0.602,0.097,0.559,0.581,0.577,0.605,0.098,0.103,1.127,0.097,0.099,0.1,0.731,0.1,0.594,0.103,0.708,0.581,0.747,0.106,0.677,0.095,0.096,0.099,0.102,0.099,0.568,0.1,0.099,0.097,0.102,0.269,0.097,0.099,0.097,0.103,0.1,0.097,0.53,0.1,0.098,0.097,0.096,0.097,0.098,0.097,0.095,0.097,0.101,0.1,0.096,0.096,0.097,0.098,0.096,0.097,0.098,0.097,0.098,0.097,0.1
13:28:00,37,0.117,0.096,0.099,0.098,0.098,0.098,0.534,0.537,0.096,0.096,0.557,0.507,0.098,0.553,0.543,0.577,0.621,0.54,1.019,1.06,0.097,0.097,0.102,0.593,0.099,0.563,0.674,0.584,0.605,0.612,0.674,1.046,0.097,0.098,0.099,0.6,0.097,0.548,0.581,0.575,0.604,0.098,0.103,1.128,0.096,0.098,0.099,0.729,0.099,0.592,0.102,0.708,0.58,0.728,0.103,0.677,0.095,0.095,0.098,0.102,0.099,0.567,0.105,0.099,0.096,0.102,0.277,0.097,0.098,0.096,0.103,0.099,0.096,0.54,0.099,0.098,0.097,0.096,0.096,0.097,0.097,0.095,0.097,0.1,0.099,0.095,0.096,0.097,0.097,0.096,0.096,0.098,0.097,0.097,0.097,0.1
13:38:00,37,0.117,0.096,0.099,0.097,0.097,0.097,0.531,0.535,0.096,0.096,0.556,0.505,0.098,0.551,0.542,0.576,0.62,0.539,1.017,1.059,0.097,0.097,0.102,0.591,0.098,0.562,0.673,0.583,0.605,0.612,0.693,1.046,0.097,0.098,0.098,0.599,0.096,0.547,0.58,0.574,0.609,0.097,0.102,1.128,0.096,0.098,0.099,0.727,0.099,0.591,0.102,0.706,0.579,0.728,0.109,0.677,0.095,0.095,0.098,0.102,0.099,0.566,0.099,0.098,0.096,0.101,0.286,0.097,0.098,0.096,0.102,0.099,0.096,0.527,0.099,0.098,0.096,0.095,0.096,0.097,0.096,0.094,0.097,0.1,0.099,0.095,0.096,0.096,0.097,0.095,0.096,0.098,0.096,0.097,0.096,0.1
13:48:00,37,0.117,0.096,0.099,0.098,0.099,0.098,0.531,0.534,0.097,0.096,0.555,0.502,0.098,0.551,0.543,0.575,0.62,0.54,1.017,1.059,0.097,0.097,0.103,0.59,0.099,0.562,0.674,0.583,0.604,0.61,0.712,1.045,0.098,0.098,0.099,0.599,0.097,0.546,0.58,0.574,0.602,0.098,0.103,1.129,0.096,0.098,0.1,0.727,0.1,0.59,0.102,0.706,0.578,0.727,0.106,0.674,0.096,0.096,0.099,0.102,0.099,0.566,0.1,0.099,0.097,0.102,0.293,0.098,0.098,0.096,0.103,0.1,0.097,0.527,0.1,0.098,0.097,0.096,0.097,0.098,0.097,0.095,0.098,0.1,0.1,0.096,0.096,0.097,0.098,0.095,0.096,0.099,0.097,0.097,0.097,0.101
13:58:00,37,0.116,0.096,0.099,0.098,0.098,0.098,0.528,0.531,0.096,0.096,0.553,0.5,0.098,0.55,0.541,0.575,0.624,0.539,1.016,1.059,0.097,0.097,0.103,0.589,0.099,0.56,0.672,0.582,0.603,0.609,0.726,1.043,0.098,0.098,0.099,0.597,0.097,0.546,0.579,0.573,0.602,0.097,0.102,1.128,0.097,0.098,0.1,0.725,0.099,0.589,0.103,0.704,0.578,0.725,0.105,0.67,0.095,0.096,0.099,0.102,0.099,0.565,0.099,0.099,0.096,0.102,0.299,0.097,0.098,0.096,0.102,0.1,0.096,0.526,0.1,0.098,0.097,0.096,0.097,0.097,0.097,0.095,0.097,0.1,0.1,0.095,0.096,0.097,0.097,0.095,0.096,0.099,0.097,0.097,0.096,0.099
14:08:00,37,0.116,0.096,0.1,0.098,0.098,0.098,0.526,0.53,0.097,0.097,0.552,0.496,0.099,0.55,0.54,0.574,0.618,0.537,1.015,1.06,0.097,0.097,0.103,0.588,0.099,0.56,0.67,0.582,0.604,0.608,0.739,1.043,0.098,0.099,0.1,0.596,0.097,0.546,0.579,0.572,0.605,0.097,0.103,1.128,0.097,0.098,0.1,0.725,0.1,0.588,0.103,0.704,0.577,0.724,0.108,0.67,0.095,0.096,0.099,0.103,0.099,0.565,0.1,0.099,0.097,0.102,0.317,0.097,0.098,0.096,0.103,0.1,0.097,0.529,0.1,0.098,0.097,0.097,0.096,0.098,0.097,0.095,0.097,0.1,0.1,0.096,0.096,0.098,0.097,0.096,0.097,0.099,0.097,0.098,0.097,0.1
14:18:00,37,0.117,0.096,0.1,0.098,0.098,0.098,0.525,0.528,0.097,0.096,0.55,0.494,0.098,0.549,0.539,0.572,0.617,0.537,1.014,1.058,0.098,0.097,0.103,0.587,0.099,0.56,0.669,0.581,0.602,0.607,0.751,1.041,0.098,0.098,0.099,0.596,0.097,0.547,0.577,0.572,0.6,0.097,0.103,1.126,0.097,0.098,0.1,0.723,0.1,0.588,0.102,0.703,0.583,0.727,0.12,0.666,0.095,0.096,0.098,0.102,0.099,0.565,0.1,0.099,0.097,0.101,0.32,0.097,0.098,0.096,0.103,0.1,0.097,0.524,0.105,0.098,0.096,0.096,0.097,0.097,0.097,0.095,0.097,0.1,0.1,0.095,0.096,0.097,0.097,0.096,0.097,0.098,0.097,0.098,0.096,0.099
14:28:00,37,0.117,0.096,0.1,0.098,0.098,0.098,0.522,0.526,0.097,0.097,0.548,0.491,0.098,0.548,0.538,0.572,0.618,0.535,1.012,1.057,0.097,0.097,0.103,0.586,0.099,0.559,0.666,0.581,0.6,0.606,0.764,1.041,0.098,0.097,0.098,0.595,0.097,0.546,0.577,0.571,0.599,0.097,0.102,1.126,0.097,0.098,0.1,0.721,0.1,0.587,0.102,0.702,0.576,0.723,0.113,0.668,0.095,0.096,0.099,0.102,0.099,0.564,0.099,0.099,0.097,0.101,0.328,0.097,0.098,0.096,0.103,0.1,0.097,0.524,0.1,0.098,0.097,0.096,0.096,0.097,0.097,0.095,0.097,0.1,0.1,0.096,0.096,0.097,0.097,0.095,0.097,0.098,0.097,0.098,0.097,0.1
14:38:00,37,0.116,0.096,0.099,0.097,0.098,0.098,0.519,0.524,0.096,0.096,0.546,0.488,0.097,0.546,0.537,0.571,0.615,0.532,1.012,1.056,0.097,0.097,0.102,0.584,0.098,0.557,0.664,0.579,0.599,0.604,0.781,1.039,0.097,0.098,0.099,0.594,0.097,0.545,0.576,0.57,0.598,0.097,0.102,1.124,0.096,0.098,0.099,0.719,0.099,0.585,0.102,0.701,0.575,0.719,0.123,0.661,0.095,0.096,0.098,0.102,0.098,0.563,0.099,0.098,0.096,0.101,0.346,0.097,0.098,0.096,0.102,0.099,0.096,0.532,0.102,0.098,0.096,0.095,0.096,0.097,0.096,0.095,0.097,0.1,0.1,0.095,0.095,0.096,0.097,0.095,0.096,0.097,0.096,0.097,0.096,0.099
14:48:00,37,0.117,0.096,0.099,0.097,0.098,0.097,0.518,0.522,0.096,0.096,0.545,0.485,0.098,0.546,0.536,0.57,0.614,0.531,1.011,1.055,0.097,0.097,0.102,0.582,0.098,0.557,0.664,0.578,0.598,0.604,0.789,1.038,0.097,0.098,0.099,0.592,0.096,0.543,0.575,0.569,0.597,0.103,0.102,1.123,0.096,0.098,0.099,0.718,0.099,0.585,0.102,0.7,0.575,0.719,0.11,0.664,0.095,0.096,0.098,0.101,0.098,0.563,0.099,0.098,0.096,0.101,0.342,0.097,0.098,0.096,0.102,0.099,0.096,0.522,0.101,0.098,0.097,0.096,0.097,0.098,0.097,0.095,0.097,0.1,0.099,0.095,0.095,0.097,0.097,0.095,0.096,0.098,0.097,0.097,0.096,0.098
14:58:00,36.9,0.109,0.097,0.099,0.098,0.098,0.097,0.516,0.52,0.096,0.096,0.544,0.483,0.098,0.545,0.535,0.57,0.613,0.531,1.01,1.054,0.097,0.097,0.102,0.582,0.099,0.557,0.661,0.579,0.598,0.603,0.8,1.037,0.097,0.098,0.099,0.592,0.097,0.54,0.575,0.569,0.597,0.097,0.102,1.123,0.096,0.098,0.099,0.717,0.1,0.585,0.102,0.7,0.575,0.716,0.106,0.661,0.095,0.096,0.098,0.102,0.099,0.562,0.099,0.099,0.097,0.101,0.35,0.097,0.098,0.096,0.102,0.1,0.097,0.522,0.1,0.098,0.097,0.096,0.096,0.097,0.097,0.095,0.097,0.1,0.1,0.095,0.096,0.097,0.097,0.095,0.096,0.098,0.097,0.097,0.097,0.1
15:08:00,37,0.108,0.097,0.1,0.098,0.098,0.098,0.514,0.518,0.097,0.097,0.543,0.481,0.098,0.545,0.535,0.569,0.614,0.534,1.01,1.054,0.097,0.098,0.104,0.581,0.099,0.557,0.661,0.578,0.597,0.604,0.811,1.036,0.098,0.098,0.099,0.591,0.097,0.545,0.575,0.569,0.596,0.097,0.103,1.123,0.097,0.098,0.1,0.716,0.099,0.584,0.103,0.699,0.574,0.716,0.106,0.66,0.095,0.096,0.099,0.102,0.099,0.562,0.101,0.099,0.097,0.102,0.344,0.098,0.098,0.096,0.103,0.1,0.097,0.521,0.102,0.098,0.097,0.096,0.096,0.098,0.097,0.095,0.098,0.1,0.1,0.096,0.096,0.098,0.097,0.096,0.097,0.098,0.097,0.098,0.096,0.101
15:18:00,37,0.108,0.097,0.1,0.098,0.098,0.098,0.512,0.516,0.096,0.096,0.54,0.478,0.098,0.543,0.533,0.568,0.611,0.53,1.009,1.054,0.097,0.097,0.103,0.58,0.098,0.555,0.66,0.576,0.595,0.602,0.826,1.034,0.097,0.098,0.099,0.589,0.096,0.538,0.575,0.567,0.595,0.097,0.102,1.121,0.096,0.098,0.1,0.715,0.1,0.583,0.103,0.699,0.573,0.716,0.103,0.659,0.095,0.096,0.098,0.102,0.099,0.561,0.099,0.099,0.096,0.101,0.356,0.097,0.098,0.096,0.103,0.099,0.097,0.523,0.102,0.098,0.097,0.096,0.096,0.097,0.096,0.095,0.098,0.1,0.1,0.095,0.096,0.097,0.097,0.095,0.097,0.098,0.097,0.097,0.096,0.101
15:28:00,37,0.107,0.097,0.099,0.097,0.098,0.098,0.511,0.515,0.096,0.097,0.539,0.476,0.098,0.543,0.531,0.567,0.611,0.53,1.008,1.052,0.097,0.098,0.102,0.578,0.099,0.556,0.659,0.576,0.595,0.6,0.833,1.033,0.098,0.098,0.099,0.589,0.097,0.538,0.573,0.566,0.595,0.097,0.102,1.12,0.096,0.098,0.1,0.713,0.1,0.582,0.102,0.698,0.575,0.714,0.104,0.654,0.095,0.096,0.099,0.102,0.099,0.56,0.099,0.099,0.097,0.101,0.354,0.097,0.098,0.097,0.103,0.1,0.096,0.52,0.099,0.098,0.097,0.096,0.096,0.097,0.097,0.095,0.097,0.1,0.1,0.095,0.096,0.097,0.097,0.095,0.096,0.098,0.097,0.097,0.096,0.1
15:38:00,37,0.108,0.098,0.099,0.097,0.098,0.097,0.508,0.513,0.096,0.096,0.537,0.473,0.098,0.542,0.531,0.566,0.61,0.528,1.007,1.052,0.097,0.097,0.103,0.577,0.098,0.553,0.657,0.575,0.593,0.599,0.843,1.032,0.097,0.098,0.099,0.587,0.097,0.536,0.572,0.565,0.594,0.096,0.102,1.119,0.096,0.098,0.1,0.713,0.099,0.581,0.102,0.698,0.572,0.713,0.104,0.654,0.095,0.096,0.099,0.102,0.098,0.56,0.099,0.099,0.096,0.102,0.368,0.097,0.098,0.096,0.102,0.099,0.096,0.519,0.1,0.098,0.097,0.096,0.097,0.097,0.096,0.095,0.097,0.1,0.1,0.096,0.096,0.097,0.097,0.095,0.097,0.098,0.097,0.097,0.096,0.099
15:48:00,37,0.107,0.098,0.1,0.098,0.098,0.098,0.507,0.511,0.096,0.096,0.536,0.471,0.098,0.542,0.53,0.566,0.61,0.527,1.006,1.052,0.097,0.097,0.103,0.577,0.099,0.552,0.657,0.575,0.593,0.599,0.855,1.032,0.098,0.098,0.099,0.586,0.097,0.536,0.572,0.565,0.593,0.097,0.103,1.119,0.096,0.098,0.1,0.711,0.1,0.58,0.102,0.696,0.572,0.712,0.117,0.651,0.095,0.096,0.099,0.102,0.098,0.56,0.1,0.099,0.097,0.102,0.356,0.098,0.098,0.096,0.103,0.1,0.097,0.519,0.099,0.098,0.097,0.096,0.096,0.097,0.097,0.095,0.098,0.101,0.1,0.095,0.096,0.097,0.097,0.096,0.096,0.099,0.097,0.097,0.097,0.1
15:58:00,37,0.107,0.099,0.099,0.098,0.098,0.098,0.504,0.509,0.096,0.096,0.534,0.467,0.098,0.54,0.529,0.565,0.608,0.526,1.005,1.05,0.097,0.097,0.103,0.575,0.099,0.552,0.656,0.574,0.592,0.598,0.863,1.031,0.098,0.098,0.099,0.586,0.097,0.535,0.571,0.564,0.593,0.098,0.103,1.119,0.097,0.098,0.099,0.71,0.1,0.579,0.102,0.696,0.571,0.711,0.111,0.651,0.095,0.096,0.099,0.102,0.099,0.559,0.103,0.099,0.097,0.102,0.358,0.098,0.098,0.096,0.103,0.1,0.097,0.518,0.099,0.098,0.097,0.096,0.097,0.097,0.096,0.095,0.098,0.1,0.1,0.096,0.095,0.097,0.097,0.096,0.096,0.099,0.097,0.098,0.096,0.099
16:08:00,37,0.106,0.098,0.099,0.097,0.098,0.097,0.503,0.506,0.096,0.096,0.533,0.464,0.098,0.539,0.528,0.564,0.607,0.524,1.005,1.049,0.097,0.097,0.103,0.574,0.099,0.551,0.653,0.573,0.592,0.597,0.872,1.03,0.098,0.098,0.1,0.584,0.097,0.535,0.571,0.563,0.599,0.097,0.102,1.117,0.096,0.098,0.1,0.709,0.099,0.578,0.102,0.695,0.57,0.71,0.105,0.649,0.095,0.096,0.098,0.102,0.099,0.559,0.099,0.099,0.097,0.101,0.363,0.098,0.098,0.096,0.103,0.099,0.096,0.517,0.099,0.098,0.096,0.096,0.097,0.097,0.096,0.095,0.098,0.1,0.099,0.095,0.096,0.097,0.097,0.095,0.096,0.098,0.097,0.097,0.096,0.1
16:18:00,37,0.106,0.099,0.099,0.098,0.098,0.097,0.501,0.504,0.096,0.096,0.531,0.462,0.098,0.539,0.527,0.563,0.606,0.523,1.004,1.048,0.097,0.097,0.102,0.572,0.098,0.551,0.652,0.572,0.591,0.596,0.885,1.029,0.097,0.097,0.099,0.583,0.097,0.534,0.57,0.564,0.593,0.097,0.102,1.116,0.097,0.098,0.099,0.708,0.1,0.577,0.101,0.693,0.569,0.708,0.103,0.649,0.095,0.096,0.098,0.102,0.099,0.558,0.099,0.099,0.096,0.101,0.377,0.097,0.098,0.097,0.102,0.099,0.096,0.517,0.099,0.098,0.097,0.096,0.096,0.097,0.096,0.095,0.097,0.1,0.1,0.095,0.095,0.097,0.097,0.095,0.096,0.098,0.097,0.098,0.096,0.1
16:28:00,37,0.106,0.1,0.099,0.097,0.098,0.097,0.499,0.502,0.096,0.096,0.529,0.459,0.098,0.538,0.526,0.563,0.606,0.521,1.003,1.046,0.097,0.097,0.103,0.572,0.099,0.55,0.651,0.572,0.59,0.595,0.898,1.028,0.098,0.098,0.099,0.582,0.096,0.535,0.569,0.562,0.591,0.097,0.102,1.114,0.096,0.098,0.1,0.706,0.099,0.589,0.102,0.694,0.569,0.706,0.115,0.648,0.095,0.096,0.098,0.102,0.098,0.558,0.099,0.099,0.096,0.102,0.372,0.097,0.098,0.095,0.101,0.099,0.096,0.517,0.102,0.097,0.096,0.096,0.096,0.097,0.095,0.095,0.097,0.1,0.099,0.095,0.096,0.097,0.097,0.095,0.096,0.099,0.097,0.097,0.096,0.1
16:38:00,37,0.106,0.1,0.099,0.097,0.097,0.098,0.497,0.5,0.096,0.096,0.527,0.456,0.098,0.537,0.525,0.562,0.604,0.521,1.002,1.046,0.097,0.097,0.103,0.57,0.098,0.549,0.65,0.571,0.593,0.594,0.907,1.028,0.097,0.098,0.099,0.581,0.097,0.532,0.569,0.561,0.59,0.097,0.102,1.113,0.097,0.098,0.099,0.705,0.099,0.576,0.102,0.692,0.568,0.706,0.12,0.645,0.095,0.096,0.098,0.102,0.099,0.557,0.099,0.098,0.097,0.102,0.385,0.097,0.098,0.096,0.103,0.099,0.096,0.515,0.099,0.098,0.096,0.096,0.096,0.098,0.096,0.095,0.098,0.099,0.099,0.095,0.096,0.097,0.096,0.094,0.096,0.098,0.097,0.097,0.096,0.1
16:48:00,37,0.106,0.102,0.1,0.098,0.098,0.098,0.495,0.499,0.096,0.096,0.525,0.453,0.098,0.537,0.524,0.562,0.604,0.52,1.001,1.045,0.097,0.097,0.103,0.569,0.099,0.551,0.649,0.571,0.59,0.594,0.915,1.027,0.097,0.098,0.099,0.581,0.097,0.532,0.568,0.561,0.591,0.097,0.102,1.112,0.097,0.098,0.1,0.705,0.1,0.612,0.102,0.691,0.571,0.704,0.111,0.644,0.095,0.096,0.098,0.102,0.099,0.557,0.099,0.099,0.097,0.101,0.372,0.097,0.098,0.097,0.102,0.1,0.097,0.514,0.104,0.098,0.096,0.096,0.096,0.097,0.097,0.095,0.097,0.1,0.1,0.096,0.096,0.097,0.097,0.095,0.097,0.098,0.097,0.097,0.096,0.1
16:58:00,37,0.106,0.103,0.099,0.098,0.098,0.097,0.493,0.497,0.096,0.097,0.524,0.451,0.098,0.536,0.524,0.561,0.603,0.519,1,1.044,0.097,0.097,0.102,0.568,0.099,0.548,0.647,0.57,0.588,0.593,0.922,1.027,0.097,0.098,0.099,0.579,0.097,0.531,0.569,0.56,0.589,0.097,0.102,1.112,0.097,0.099,0.1,0.703,0.1,0.589,0.102,0.692,0.567,0.703,0.105,0.641,0.095,0.096,0.098,0.102,0.099,0.556,0.099,0.099,0.097,0.101,0.39,0.097,0.098,0.096,0.103,0.099,0.097,0.513,0.1,0.098,0.097,0.096,0.097,0.097,0.096,0.095,0.097,0.1,0.099,0.095,0.096,0.097,0.097,0.096,0.097,0.099,0.096,0.097,0.096,0.099
17:08:00,37,0.106,0.104,0.099,0.097,0.098,0.098,0.491,0.494,0.096,0.096,0.522,0.448,0.098,0.536,0.523,0.56,0.602,0.52,1,1.043,0.097,0.097,0.103,0.567,0.098,0.548,0.648,0.57,0.588,0.592,0.929,1.026,0.098,0.098,0.101,0.578,0.097,0.536,0.567,0.559,0.588,0.098,0.102,1.111,0.097,0.099,0.1,0.702,0.1,0.598,0.102,0.691,0.567,0.706,0.105,0.64,0.096,0.096,0.098,0.102,0.099,0.556,0.099,0.099,0.096,0.101,0.382,0.097,0.098,0.096,0.102,0.1,0.097,0.513,0.102,0.098,0.097,0.096,0.097,0.097,0.097,0.095,0.097,0.101,0.1,0.095,0.095,0.097,0.097,0.095,0.097,0.098,0.097,0.097,0.096,0.099
17:18:00,37,0.105,0.104,0.099,0.097,0.098,0.097,0.489,0.492,0.096,0.096,0.52,0.445,0.098,0.535,0.521,0.559,0.601,0.516,0.999,1.042,0.097,0.097,0.102,0.565,0.098,0.546,0.645,0.569,0.586,0.59,0.935,1.026,0.097,0.098,0.099,0.576,0.096,0.528,0.566,0.559,0.587,0.097,0.102,1.109,0.096,0.097,0.099,0.7,0.099,0.572,0.102,0.69,0.566,0.701,0.105,0.637,0.095,0.096,0.098,0.101,0.099,0.56,0.099,0.098,0.096,0.101,0.393,0.097,0.098,0.096,0.102,0.099,0.096,0.52,0.1,0.097,0.096,0.096,0.096,0.097,0.096,0.094,0.097,0.1,0.099,0.095,0.095,0.097,0.097,0.095,0.096,0.098,0.097,0.097,0.096,0.099
17:28:00,37,0.106,0.106,0.1,0.098,0.099,0.098,0.487,0.491,0.097,0.097,0.519,0.443,0.099,0.535,0.522,0.559,0.601,0.517,0.999,1.042,0.098,0.098,0.103,0.565,0.099,0.547,0.647,0.569,0.587,0.591,0.941,1.025,0.098,0.098,0.1,0.577,0.097,0.53,0.567,0.56,0.588,0.098,0.103,1.109,0.097,0.099,0.1,0.7,0.1,0.572,0.103,0.69,0.566,0.701,0.106,0.635,0.095,0.097,0.099,0.102,0.099,0.555,0.1,0.099,0.097,0.102,0.393,0.098,0.099,0.097,0.103,0.1,0.097,0.512,0.1,0.098,0.097,0.097,0.096,0.098,0.097,0.096,0.098,0.1,0.1,0.096,0.096,0.098,0.097,0.096,0.097,0.098,0.097,0.098,0.096,0.1
17:38:00,37,0.106,0.109,0.1,0.098,0.098,0.098,0.485,0.488,0.096,0.097,0.517,0.44,0.098,0.534,0.52,0.559,0.6,0.516,0.999,1.04,0.097,0.098,0.103,0.564,0.099,0.547,0.645,0.569,0.586,0.59,0.947,1.025,0.098,0.098,0.101,0.576,0.097,0.529,0.566,0.558,0.587,0.097,0.103,1.108,0.097,0.099,0.1,0.698,0.1,0.572,0.103,0.69,0.566,0.699,0.106,0.635,0.096,0.096,0.099,0.102,0.099,0.555,0.1,0.099,0.096,0.102,0.398,0.097,0.099,0.097,0.103,0.1,0.097,0.512,0.1,0.098,0.097,0.096,0.096,0.097,0.097,0.095,0.098,0.101,0.099,0.096,0.096,0.097,0.098,0.095,0.097,0.099,0.097,0.098,0.096,0.1
17:48:00,37,0.105,0.11,0.099,0.098,0.098,0.098,0.483,0.485,0.096,0.096,0.515,0.437,0.098,0.533,0.519,0.558,0.599,0.515,0.998,1.04,0.097,0.097,0.103,0.561,0.098,0.545,0.644,0.568,0.585,0.59,0.952,1.023,0.097,0.098,0.099,0.574,0.097,0.527,0.565,0.557,0.586,0.098,0.102,1.107,0.096,0.098,0.099,0.697,0.1,0.609,0.102,0.689,0.564,0.698,0.106,0.629,0.095,0.096,0.098,0.102,0.098,0.553,0.099,0.099,0.096,0.102,0.392,0.098,0.098,0.096,0.102,0.099,0.096,0.51,0.099,0.098,0.097,0.096,0.096,0.097,0.096,0.095,0.097,0.1,0.1,0.095,0.095,0.097,0.097,0.095,0.096,0.098,0.097,0.097,0.096,0.1
17:58:00,37,0.104,0.112,0.099,0.097,0.098,0.098,0.481,0.484,0.096,0.096,0.513,0.434,0.098,0.536,0.518,0.557,0.598,0.514,0.997,1.038,0.097,0.097,0.102,0.56,0.098,0.549,0.642,0.567,0.584,0.587,0.958,1.023,0.098,0.098,0.099,0.574,0.097,0.532,0.564,0.557,0.585,0.097,0.102,1.105,0.097,0.098,0.1,0.695,0.1,0.578,0.102,0.69,0.567,0.698,0.105,0.63,0.095,0.096,0.099,0.102,0.099,0.553,0.099,0.099,0.096,0.101,0.4,0.097,0.098,0.096,0.102,0.1,0.097,0.509,0.099,0.098,0.097,0.096,0.097,0.097,0.096,0.095,0.097,0.1,0.099,0.095,0.095,0.097,0.097,0.095,0.096,0.099,0.097,0.097,0.096,0.1
18:08:00,37,0.105,0.115,0.099,0.097,0.099,0.098,0.479,0.483,0.097,0.097,0.511,0.432,0.098,0.536,0.518,0.557,0.598,0.514,0.997,1.038,0.097,0.097,0.103,0.56,0.099,0.549,0.642,0.568,0.584,0.588,0.964,1.024,0.098,0.098,0.099,0.573,0.097,0.527,0.564,0.556,0.585,0.097,0.102,1.105,0.097,0.098,0.1,0.695,0.1,0.581,0.103,0.687,0.564,0.696,0.107,0.63,0.095,0.096,0.099,0.102,0.099,0.553,0.099,0.099,0.097,0.102,0.42,0.097,0.099,0.096,0.104,0.1,0.097,0.509,0.1,0.098,0.097,0.096,0.097,0.097,0.097,0.095,0.097,0.1,0.1,0.096,0.095,0.097,0.097,0.095,0.097,0.098,0.097,0.097,0.096,0.099
18:18:00,37,0.105,0.117,0.1,0.098,0.098,0.097,0.477,0.481,0.096,0.096,0.51,0.43,0.098,0.531,0.517,0.557,0.596,0.513,0.996,1.036,0.097,0.097,0.104,0.558,0.099,0.544,0.641,0.567,0.583,0.587,0.971,1.023,0.098,0.098,0.099,0.571,0.097,0.525,0.564,0.556,0.585,0.097,0.102,1.105,0.097,0.098,0.1,0.693,0.099,0.568,0.102,0.686,0.563,0.695,0.106,0.628,0.096,0.096,0.098,0.102,0.099,0.552,0.099,0.098,0.096,0.102,0.403,0.097,0.098,0.097,0.103,0.099,0.097,0.508,0.1,0.098,0.097,0.096,0.097,0.097,0.096,0.095,0.097,0.101,0.099,0.095,0.095,0.098,0.097,0.095,0.097,0.098,0.097,0.097,0.096,0.099
18:28:00,37,0.105,0.12,0.099,0.097,0.098,0.098,0.476,0.479,0.096,0.096,0.508,0.427,0.098,0.531,0.516,0.555,0.596,0.512,0.995,1.035,0.097,0.097,0.103,0.557,0.099,0.545,0.639,0.566,0.582,0.586,0.981,1.022,0.098,0.098,0.099,0.57,0.097,0.526,0.566,0.555,0.583,0.097,0.102,1.104,0.096,0.097,0.1,0.692,0.099,0.568,0.102,0.685,0.563,0.693,0.107,0.627,0.095,0.095,0.098,0.102,0.099,0.552,0.099,0.099,0.096,0.101,0.422,0.097,0.098,0.096,0.103,0.1,0.097,0.508,0.099,0.098,0.096,0.096,0.096,0.097,0.097,0.095,0.097,0.1,0.099,0.095,0.096,0.097,0.097,0.095,0.096,0.098,0.097,0.098,0.096,0.099
