Time,"T° Read 3:530/25,590/20",A1,A2,A3,A4,A5,A6,A7,A8,A9,A10,A11,A12,B1,B2,B3,B4,B5,B6,B7,B8,B9,B10,B11,B12,C1,C2,C3,C4,C5,C6,C7,C8,C9,C10,C11,C12,D1,D2,D3,D4,D5,D6,D7,D8,D9,D10,D11,D12,E1,E2,E3,E4,E5,E6,E7,E8,E9,E10,E11,E12,F1,F2,F3,F4,F5,F6,F7,F8,F9,F10,F11,F12,G1,G2,G3,G4,G5,G6,G7,G8,G9,G10,G11,G12,H1,H2,H3,H4,H5,H6,H7,H8,H9,H10,H11,H12
0:09:15,37,10078,10093,10171,10244,10022,10047,10083,10101,10182,10189,10076,10075,10234,9856,9935,9940,9945,10110,10292,10027,10153,10157,10123,9983,9880,9840,9850,9839,9927,9884,10164,10107,9983,10086,10078,9921,10231,10101,9756,9814,9694,9832,10092,9797,9894,9780,9989,10036,10283,10125,10014,9913,9791,9805,9774,9534,9898,9847,9869,9566,10254,9967,10159,10059,9981,10011,10095,10114,10050,10194,10038,10135,10264,9935,10046,10136,10108,10024,10052,10108,10068,10222,10144,10078,10170,10217,10201,10228,10212,10045,10120,9967,10072,10181,10094,10216
0:19:15,37,10182,10211,10276,10343,10128,10160,10166,10196,10291,10296,10151,10118,10342,9965,10027,10008,10011,10251,10366,10097,10259,10267,10267,10049,10001,9959,10017,10014,10114,10078,10368,10279,10292,10332,10190,9976,10347,10253,9896,9976,9912,10060,10388,9952,10289,10156,10119,10073,10396,10287,10210,10032,9972,9988,9911,9635,10328,10191,9994,9681,10398,10079,10296,10234,10160,10150,10253,10310,10254,10373,10158,10271,10374,10037,10163,10298,10240,10159,10179,10256,10219,10347,10265,10210,10317,10357,10304,10334,10337,10192,10228,10104,10184,10310,10223,10348
0:29:15,37,10258,10310,10350,10423,10224,10249,10209,10213,10374,10385,10181,10166,10407,9985,10057,10040,10055,10315,10368,10116,10345,10363,10367,10076,10071,9988,10047,10052,10152,10122,10418,10293,10383,10419,10295,10028,10436,10316,9923,10012,9920,10150,10465,9983,10350,10207,10170,10112,10475,10375,10285,10044,10021,10003,10003,9658,10386,10261,10055,9751,10457,10083,10363,10301,10206,10219,10309,10364,10310,10427,10221,10341,10444,10052,10229,10350,10293,10193,10211,10295,10244,10426,10327,10262,10389,10410,10363,10390,10398,10247,10292,10162,10259,10363,10262,10395
0:39:15,37,10176,10241,10307,10334,10124,10157,10064,10117,10298,10307,10062,10057,10309,9881,9963,9962,9939,10236,10226,9940,10284,10273,10317,9968,10003,9865,9930,9915,10028,9986,10364,10166,10321,10317,10196,9884,10335,10243,9813,9885,9803,10068,10385,9857,10294,10133,10123,9985,10376,10260,10216,9930,9947,9892,9902,9533,10316,10185,9986,9675,10368,9994,10294,10225,10114,10140,10236,10290,10244,10340,10132,10239,10356,9953,10143,10273,10193,10109,10133,10234,10164,10332,10253,10207,10315,10342,10312,10342,10301,10165,10219,10089,10162,10283,10203,10314
0:49:15,37,10363,10414,10479,10531,10307,10354,10201,10255,10483,10498,10209,10189,10516,10007,10097,10045,10043,10413,10321,10027,10467,10474,10506,10082,10160,9997,10050,9984,10170,10134,10537,10264,10488,10515,10392,10017,10539,10418,9908,9983,9931,10261,10559,9941,10436,10301,10290,10131,10551,10444,10426,10048,10129,10023,10091,9670,10492,10352,10156,9837,10542,10119,10453,10409,10299,10315,10405,10495,10409,10540,10315,10441,10539,10078,10342,10440,10388,10298,10324,10392,10368,10524,10429,10369,10471,10515,10485,10510,10490,10328,10404,10245,10332,10455,10366,10492
0:59:15,37,10058,10108,10172,10216,9990,10023,9884,9929,10191,10197,9880,9804,10200,9662,9766,9670,9712,10093,9970,9689,10148,10150,10199,9716,9889,9669,9678,9632,9839,9815,10252,9902,10184,10199,10105,9697,10252,10143,9567,9625,9611,9976,10264,9624,10163,10018,9998,9783,10263,10156,10129,9707,9841,9698,9806,9382,10192,10067,9886,9584,10259,9838,10180,10127,10024,10031,10105,10184,10134,10261,10063,10164,10259,9789,10070,10167,10134,10034,10048,10141,10084,10244,10157,10098,10204,10243,10222,10224,10230,10083,10151,10007,10085,10181,10119,10236
1:09:15,37,9987,10026,10078,10140,9936,9972,9743,9821,10089,10110,9736,9669,10137,9502,9590,9529,9554,10031,9847,9577,10064,10071,10135,9575,9798,9540,9543,9454,9708,9687,10197,9780,10110,10118,9994,9514,10149,10051,9416,9479,9441,9872,10190,9479,10085,9935,9924,9616,10183,10081,10065,9517,9731,9598,9712,9253,10120,9997,9787,9510,10168,9679,10111,10033,9938,9943,10029,10098,10047,10145,9957,10079,10188,9663,9978,10089,10037,9955,9961,10053,10009,10170,10076,10030,10115,10173,10132,10137,10138,9988,10054,9922,10019,10110,10028,10139
1:19:15,37,9923,9954,10025,10093,9882,9892,9603,9664,10017,10054,9601,9558,10064,9396,9497,9386,9409,9978,9671,9470,10009,10024,10076,9439,9758,9411,9417,9324,9561,9546,10144,9638,10057,10056,9962,9405,10112,9997,9285,9354,9302,9827,10126,9385,10022,9886,9861,9495,10126,10024,9990,9402,9691,9458,9682,9242,10041,9932,9767,9462,10124,9551,10021,9969,9901,9920,9992,10046,9980,10113,9907,10031,10138,9576,9937,10023,9966,9888,9910,10000,9952,10106,10010,9956,10061,10113,10078,10089,10093,9940,9973,9878,9959,10054,9978,10079
1:29:15,37,10407,10480,10532,10628,10388,10401,10009,10104,10538,10570,10025,9949,10566,9784,9896,9758,9788,10474,10041,9886,10497,10502,10569,9815,10239,9807,9816,9704,9985,9966,10645,10009,10542,10547,10429,9767,10581,10481,9619,9682,9655,10277,10607,9736,10503,10362,10326,9853,10608,10498,10472,9752,10097,9847,10127,9657,10512,10377,10194,9890,10584,9944,10505,10441,10367,10340,10434,10506,10447,10592,10356,10482,10567,9917,10360,10472,10424,10346,10356,10441,10377,10547,10463,10401,10488,10538,10528,10540,10527,10373,10420,10275,10347,10492,10414,10532
1:39:15,37,10082,10121,10175,10246,10016,10066,9614,9712,10180,10205,9587,9545,10236,9387,9543,9368,9386,10125,9625,9567,10155,10164,10246,9426,9882,9408,9453,9297,9577,9576,10336,9655,10206,10207,10088,9372,10241,10137,9232,9320,9286,9966,10283,9399,10167,10026,10032,9482,10270,10178,10170,9394,9772,9473,9810,9388,10193,10071,9880,9595,10264,9570,10177,10107,10039,10030,10129,10152,10137,10261,10053,10149,10257,9592,10061,10177,10107,10020,10058,10133,10086,10248,10133,10086,10200,10233,10209,10242,10227,10071,10123,9979,10074,10204,10108,10219
1:49:15,37,10238,10281,10361,10426,10188,10230,9693,9806,10344,10381,9659,9652,10391,9481,9610,9444,9449,10294,9700,9719,10336,10331,10416,9520,10067,9471,9582,9417,9697,9676,10517,9749,10361,10392,10269,9457,10422,10333,9306,9400,9332,10126,10439,9554,10333,10184,10177,9589,10457,10339,10317,9492,9925,9581,9959,9598,10364,10225,10053,9749,10415,9666,10339,10277,10202,10208,10296,10337,10314,10407,10213,10352,10442,9674,10220,10328,10267,10182,10227,10299,10231,10400,10306,10253,10362,10408,10375,10398,10381,10230,10285,10156,10233,10353,10265,10387
1:59:15,37,9889,9921,9987,10053,9837,9879,9285,9427,10001,10022,9248,9301,10022,9071,9243,9086,9099,9946,9321,9425,9967,9999,10073,9169,9722,9092,9244,9068,9284,9290,10190,9362,10008,10034,9933,9107,10075,9955,8966,9065,8970,9803,10111,9228,9978,9844,9832,9237,10112,9994,9976,9150,9577,9198,9657,9351,10018,9877,9713,9437,10089,9310,10016,9926,9873,9857,9951,10012,9965,10083,9882,9997,10090,9309,9892,9999,9955,9870,9897,9950,9894,10081,9984,9942,10033,10071,10031,10052,10053,9907,9975,9822,9920,10034,9941,10059
2:09:15,37,10414,10478,10535,10615,10387,10410,9709,9884,10549,10583,9724,9765,10570,9509,9684,9531,9528,10466,9718,9921,10511,10503,10576,9584,10223,9497,9648,9496,9731,9737,10724,9833,10533,10555,10447,9524,10575,10474,9374,9505,9398,10311,10602,9663,10500,10357,10346,9664,10608,10500,10491,9576,10038,9615,10135,9872,10521,10411,10201,9912,10599,9725,10506,10451,10347,10350,10464,10523,10483,10581,10351,10488,10592,9716,10394,10488,10427,10345,10399,10453,10421,10571,10482,10416,10502,10566,10541,10544,10553,10394,10451,10304,10401,10502,10440,10573
2:19:15,36.9,10213,10233,10288,10368,10132,10185,9475,9663,10329,10334,9465,9544,10353,9293,9500,9321,9307,10252,9463,9742,10280,10285,10384,9382,10014,9247,9447,9285,9554,9530,10511,9622,10311,10325,10229,9311,10361,10255,9155,9273,9156,10091,10407,9449,10271,10141,10135,9453,10382,10295,10279,9341,9787,9402,9928,9788,10312,10195,9993,9704,10374,9506,10303,10230,10159,10150,10242,10308,10255,10364,10142,10271,10379,9509,10166,10275,10217,10149,10166,10266,10183,10350,10265,10195,10294,10353,10327,10331,10328,10170,10227,10086,10181,10299,10227,10326
2:29:15,37,10015,10049,10102,10178,9969,10011,9284,9498,10124,10136,9266,9350,10173,9123,9348,9106,9112,10054,9268,9600,10096,10100,10197,9215,9841,9054,9282,9101,9389,9362,10355,9470,10141,10123,10056,9136,10176,10097,8961,9085,8997,9924,10218,9296,10089,9966,9972,9286,10206,10123,10137,9192,9609,9234,9760,9698,10141,10013,9837,9565,10191,9344,10124,10060,9983,10008,10075,10124,10074,10202,9982,10117,10204,9355,10005,10111,10055,9986,10008,10077,10025,10189,10106,10041,10133,10178,10148,10175,10183,10020,10072,9936,10036,10142,10058,10177
2:39:15,37,10384,10430,10509,10570,10324,10371,9579,9848,10503,10529,9566,9653,10503,9377,9662,9418,9408,10410,9564,9941,10453,10456,10544,9472,10171,9367,9602,9389,9694,9681,10704,9810,10487,10500,10387,9411,10527,10436,9237,9359,9251,10254,10565,9610,10425,10280,10290,9603,10543,10456,10430,9475,9913,9516,10075,10074,10447,10351,10166,9859,10537,9645,10452,10395,10308,10296,10396,10453,10397,10528,10319,10422,10518,9685,10322,10429,10364,10294,10313,10400,10347,10504,10415,10357,10455,10520,10455,10478,10497,10329,10372,10244,10321,10448,10373,10480
2:49:15,37,10183,10209,10273,10358,10138,10164,9397,9693,10289,10297,9358,9470,10328,9204,9505,9213,9227,10241,9390,9813,10256,10256,10348,9316,10005,9153,9452,9234,9541,9527,10529,9669,10282,10320,10210,9228,10340,10250,9076,9210,9089,10053,10364,9478,10239,10108,10094,9422,10365,10267,10255,9292,9697,9355,9912,9963,10301,10162,9990,9724,10357,9503,10287,10201,10124,10128,10223,10268,10206,10339,10124,10258,10361,9536,10155,10256,10209,10134,10168,10238,10175,10344,10231,10192,10297,10332,10318,10310,10337,10165,10235,10086,10181,10289,10199,10332
2:59:15,37,10275,10288,10338,10430,10208,10250,9439,9788,10368,10381,9414,9524,10379,9238,9606,9273,9260,10286,9460,9908,10319,10309,10435,9363,10069,9183,9517,9267,9624,9628,10592,9741,10349,10369,10275,9260,10399,10317,9104,9240,9104,10110,10433,9557,10333,10159,10165,9478,10432,10313,10330,9377,9697,9430,9955,10069,10338,10220,10011,9743,10407,9575,10322,10265,10185,10174,10266,10316,10276,10414,10202,10300,10389,9562,10196,10307,10261,10165,10202,10258,10209,10379,10283,10238,10342,10375,10328,10368,10366,10200,10284,10126,10214,10326,10233,10376
3:09:15,37,10248,10302,10371,10456,10200,10248,9422,9818,10377,10400,9406,9544,10406,9240,9633,9279,9276,10312,9478,9996,10334,10327,10438,9357,10086,9196,9572,9257,9684,9660,10617,9794,10364,10399,10279,9265,10432,10335,9105,9245,9123,10148,10465,9609,10343,10210,10184,9541,10450,10351,10342,9418,9689,9469,9986,10126,10366,10250,10069,9782,10427,9643,10343,10293,10198,10219,10311,10358,10297,10423,10207,10333,10446,9650,10232,10324,10267,10186,10231,10310,10251,10414,10313,10246,10365,10415,10398,10397,10377,10223,10282,10170,10265,10361,10285,10384
3:19:15,37,10213,10267,10319,10389,10171,10192,9362,9823,10337,10356,9347,9494,10370,9216,9668,9203,9225,10263,9408,10031,10302,10300,10378,9311,10044,9141,9557,9218,9683,9644,10598,9801,10326,10333,10250,9225,10368,10268,9058,9213,9084,10100,10415,9605,10281,10170,10154,9529,10398,10284,10290,9403,9579,9481,9947,10138,10319,10207,10019,9742,10367,9624,10310,10242,10165,10167,10261,10290,10265,10370,10179,10299,10391,9673,10179,10278,10240,10161,10175,10260,10221,10380,10273,10221,10338,10381,10339,10358,10336,10183,10256,10123,10210,10332,10241,10346
3:29:15,37,10328,10380,10446,10521,10298,10301,9475,9999,10432,10466,9438,9611,10469,9311,9828,9328,9328,10381,9514,10206,10401,10396,10501,9425,10136,9221,9714,9349,9833,9821,10697,9922,10445,10467,10357,9337,10486,10373,9130,9302,9171,10198,10521,9754,10394,10242,10240,9680,10521,10393,10407,9533,9599,9618,10052,10271,10412,10313,10128,9832,10495,9785,10405,10330,10263,10264,10372,10413,10374,10478,10271,10406,10500,9809,10306,10377,10339,10258,10282,10373,10335,10487,10386,10328,10455,10467,10433,10451,10448,10291,10355,10220,10291,10409,10355,10441
3:39:15,36.9,9982,10031,10094,10158,9920,9965,9150,9752,10101,10124,9123,9271,10128,8989,9597,9034,9032,10018,9180,10005,10061,10062,10154,9132,9814,8930,9482,9026,9566,9569,10374,9679,10084,10109,9991,9036,10135,10052,8844,8989,8883,9885,10168,9522,10063,9930,9927,9412,10171,10049,10081,9298,9250,9390,9705,10060,10099,9968,9786,9509,10151,9554,10083,10028,9930,9928,10030,10068,10049,10152,9953,10072,10151,9583,9959,10063,10020,9926,9964,10037,9995,10158,10045,10019,10100,10134,10118,10116,10127,9986,10039,9883,9993,10120,10031,10140
3:49:15,37,10308,10353,10424,10489,10270,10296,9468,10143,10427,10415,9408,9583,10457,9282,9938,9301,9297,10344,9457,10391,10383,10370,10484,9419,10137,9220,9884,9296,9941,9911,10671,10033,10406,10448,10331,9307,10445,10352,9103,9279,9151,10186,10485,9879,10381,10240,10227,9771,10482,10374,10391,9638,9485,9712,10005,10370,10398,10280,10093,9814,10471,9885,10376,10324,10236,10253,10344,10392,10327,10462,10251,10368,10458,9924,10254,10367,10306,10231,10261,10360,10304,10436,10346,10299,10422,10458,10404,10412,10436,10277,10324,10209,10289,10413,10314,10417
3:59:15,37,9839,9884,9964,10022,9793,9836,9045,9812,9964,9984,8986,9172,9991,8879,9624,8893,8897,9892,9079,10133,9938,9940,10015,9015,9693,8822,9581,8904,9614,9575,10269,9705,9958,9978,9883,8931,10020,9922,8703,8891,8795,9751,10067,9556,9922,9810,9810,9470,10052,9944,9950,9349,9063,9405,9583,10083,9953,9855,9680,9408,10037,9617,9958,9873,9804,9799,9895,9946,9919,10024,9816,9932,10051,9614,9828,9923,9889,9833,9854,9924,9860,10012,9930,9901,9983,10025,9995,10026,10032,9869,9913,9782,9871,9985,9915,10030
4:09:15,37,10127,10167,10229,10304,10098,10115,9310,10136,10268,10270,9235,9430,10291,9125,9961,9160,9153,10189,9343,10470,10224,10227,10325,9273,9984,9068,9986,9179,9924,9908,10540,10056,10253,10268,10170,9180,10304,10195,8945,9154,9020,10013,10340,9868,10200,10090,10087,9824,10324,10195,10231,9697,9308,9704,9869,10403,10237,10141,9927,9672,10292,9917,10213,10157,10076,10081,10187,10224,10195,10306,10099,10228,10315,9953,10106,10196,10156,10079,10120,10180,10146,10285,10204,10147,10262,10301,10265,10256,10263,10126,10170,10036,10136,10243,10189,10279
4:19:15,37,10201,10257,10346,10384,10158,10187,9366,10303,10328,10353,9291,9498,10359,9200,10124,9212,9221,10254,9418,10644,10289,10291,10366,9325,10031,9121,10205,9233,10077,10054,10597,10215,10315,10330,10202,9235,10377,10248,8989,9217,9073,10090,10384,10026,10265,10150,10135,10011,10383,10275,10290,9917,9371,9824,9910,10542,10299,10172,10000,9730,10372,10054,10255,10195,10123,10144,10234,10296,10239,10342,10147,10277,10371,10080,10166,10244,10205,10134,10166,10233,10185,10332,10261,10195,10274,10332,10308,10327,10338,10174,10247,10083,10170,10302,10224,10331
4:29:15,37,9917,9965,10027,10114,9885,9917,9122,10165,10049,10073,9055,9252,10085,8944,10001,8999,8988,9979,9181,10554,10015,10018,10123,9088,9782,8897,10124,8988,9948,9937,10356,10066,10034,10059,9952,9046,10087,9993,8746,8986,8868,9834,10147,9893,10000,9888,9890,9987,10115,10013,10029,9880,9159,9703,9689,10459,10052,9940,9752,9500,10104,9937,10021,9957,9864,9881,9992,10042,9984,10082,9898,10021,10143,9972,9912,10022,9951,9896,9934,9998,9946,10099,10008,9957,10057,10121,10078,10098,10088,9933,9992,9844,9948,10047,9973,10091
4:39:15,37,10241,10284,10342,10405,10179,10230,9408,10581,10359,10368,9301,9533,10365,9214,10428,9237,9253,10256,9444,10898,10313,10311,10410,9369,10037,9147,10581,9271,10356,10313,10624,10430,10332,10337,10257,9265,10381,10278,8978,9223,9108,10139,10416,10274,10279,10169,10138,10462,10416,10287,10319,10320,9427,10042,9926,10941,10340,10215,10021,9751,10389,10317,10296,10220,10137,10176,10268,10324,10276,10383,10183,10295,10376,10319,10174,10303,10240,10164,10197,10257,10203,10363,10256,10225,10311,10364,10339,10355,10355,10192,10244,10108,10188,10319,10245,10352
4:49:15,37,10043,10078,10151,10220,10019,10048,9245,10519,10168,10183,9146,9386,10198,9090,10475,9096,9089,10095,9303,10894,10122,10119,10211,9218,9883,8986,10628,9136,10398,10318,10470,10395,10149,10179,10063,9126,10207,10096,8843,9095,8971,9942,10249,10236,10114,10003,9984,10533,10234,10123,10150,10351,9300,9988,9785,10955,10157,10043,9863,9590,10223,10333,10151,10080,9976,9977,10091,10141,10083,10215,10012,10141,10235,10380,10025,10133,10068,9987,10029,10079,10052,10205,10116,10066,10159,10213,10178,10195,10207,10017,10106,9972,10052,10151,10086,10176
4:59:15,37,9856,9881,9957,10010,9803,9814,9073,10473,9956,9973,8964,9195,9991,8919,10512,8927,8918,9897,9133,10860,9930,9912,10007,9031,9693,8825,10665,8940,10427,10351,10274,10333,9931,9967,9877,8982,10019,9893,8684,8952,8808,9750,10065,10222,9939,9802,9795,10611,10063,9927,9952,10405,9169,9919,9593,11010,9976,9843,9662,9411,10048,10393,9956,9892,9792,9800,9892,9964,9924,10025,9818,9950,10056,10410,9839,9941,9888,9829,9854,9903,9875,10030,9929,9888,9981,10043,10002,10030,10026,9864,9918,9801,9870,9989,9921,10005
5:09:15,37,9876,9925,9983,10041,9837,9871,9109,10665,9985,10005,8965,9250,10033,8940,10762,8994,8983,9917,9177,11035,9946,9977,10047,9077,9729,8881,10950,9006,10697,10642,10284,10504,10002,10033,9905,9011,10061,9958,8704,8971,8851,9777,10104,10411,9976,9824,9824,10895,10083,9931,9978,10665,9276,10160,9624,11202,9985,9902,9712,9471,10080,10644,9967,9907,9832,9844,9953,10004,9940,10057,9842,9976,10078,10649,9876,9984,9917,9855,9876,9953,9904,10045,9965,9908,10030,10055,10036,10051,10059,9890,9958,9819,9886,10024,9964,10059
5:19:15,37,10379,10410,10462,10541,10314,10343,9545,11293,10492,10489,9397,9682,10492,9370,11359,9412,9418,10388,9578,11587,10436,10428,10538,9504,10189,9288,11639,9433,11351,11273,10761,11041,10485,10470,10362,9437,10522,10387,9105,9388,9260,10248,10534,10949,10427,10287,10262,11589,10534,10379,10430,11278,9716,10750,10059,11831,10431,10326,10126,9863,10506,11243,10425,10374,10285,10296,10381,10431,10397,10504,10293,10420,10513,11230,10324,10418,10342,10294,10320,10383,10336,10491,10402,10340,10446,10478,10456,10481,10477,10324,10355,10250,10310,10464,10353,10490
5:29:15,37,10058,10113,10177,10252,10017,10031,9258,11200,10176,10202,9152,9431,10222,9150,11302,9149,9151,10088,9319,11492,10152,10156,10230,9262,9882,9048,11672,9193,11330,11240,10449,10915,10182,10188,10105,9206,10230,10122,8874,9160,9027,9968,10270,10886,10135,10000,10000,11559,10268,10082,10165,11306,9530,10778,9783,11780,10170,10058,9878,9633,10248,11231,10151,10079,10012,10018,10108,10170,10126,10222,10028,10150,10254,11177,10036,10145,10102,10031,10065,10129,10072,10239,10141,10097,10215,10249,10203,10229,10224,10068,10127,10011,10082,10202,10119,10238
5:39:15,37,10253,10290,10394,10446,10218,10237,9480,11595,10394,10411,9324,9632,10401,9308,11637,9333,9334,10285,9517,11834,10334,10321,10429,9453,10097,9227,12169,9357,11688,11594,10641,11213,10369,10390,10264,9364,10419,10269,9021,9310,9190,10139,10455,11205,10313,10199,10178,11991,10436,10234,10328,11714,9742,11203,9966,12181,10340,10225,10033,9767,10425,11546,10331,10234,10161,10178,10270,10342,10290,10398,10201,10324,10431,11488,10198,10314,10253,10170,10224,10285,10243,10378,10286,10248,10350,10408,10362,10386,10375,10221,10285,10147,10228,10352,10274,10392
5:49:15,37,10144,10186,10255,10307,10095,10129,9373,11702,10268,10300,9200,9533,10285,9221,11650,9232,9248,10143,9410,11903,10221,10217,10319,9352,9969,9121,12379,9279,11759,11692,10520,11268,10229,10248,10167,9299,10296,10162,8913,9238,9114,10029,10336,11278,10198,10076,10078,12196,10334,10116,10218,11898,9722,11385,9852,12287,10255,10110,9942,9668,10317,11633,10214,10155,10062,10085,10182,10245,10177,10295,10095,10215,10314,11563,10099,10204,10139,10084,10124,10186,10145,10281,10188,10154,10247,10306,10263,10283,10294,10126,10180,10044,10148,10247,10185,10275
5:59:15,37,9984,10020,10069,10128,9925,9946,9233,11748,10077,10096,9080,9391,10122,9063,11638,9099,9125,9988,9278,11943,10043,10047,10132,9220,9813,9013,12561,9118,11768,11686,10361,11268,10088,10109,10000,9162,10118,10001,8800,9117,8978,9876,10178,11326,10038,9909,9918,12327,10162,9919,10056,12074,9686,11525,9715,12380,10085,9974,9789,9537,10162,11641,10063,10008,9920,9917,10020,10073,10037,10148,9948,10053,10161,11554,9947,10056,10010,9931,9963,10029,10002,10153,10065,9993,10104,10146,10119,10136,10133,9970,10045,9924,9991,10103,10016,10129
6:09:15,37,9866,9893,9968,10028,9822,9843,9152,11833,9977,10006,8982,9289,10025,8985,11694,9026,9026,9857,9208,12087,9958,9941,10028,9130,9714,8926,12753,9044,11820,11764,10261,11349,9965,9989,9894,9067,10038,9868,8718,9028,8914,9780,10071,11457,9952,9831,9812,12542,10054,9787,9975,12283,9702,11747,9603,12511,9975,9870,9671,9434,10063,11703,9947,9902,9812,9816,9919,9982,9922,10045,9832,9958,10080,11601,9854,9957,9912,9840,9883,9943,9889,10042,9945,9900,10009,10059,10024,10046,10047,9874,9941,9812,9909,9993,9929,10041
6:19:15,37,10390,10424,10510,10573,10349,10377,9616,12486,10522,10535,9456,9784,10535,9454,12256,9477,9480,10357,9683,12759,10473,10446,10551,9586,10210,9366,13458,9513,12438,12384,10763,11941,10486,10500,10405,9528,10554,10361,9152,9472,9348,10270,10585,12129,10449,10311,10306,13315,10586,10255,10458,13006,10230,12424,10092,13207,10474,10332,10169,9911,10540,12257,10457,10412,10325,10298,10401,10466,10413,10538,10326,10469,10551,12149,10341,10455,10385,10323,10341,10416,10364,10539,10441,10382,10480,10548,10502,10524,10521,10349,10429,10292,10366,10486,10401,10533
6:29:15,37,10102,10160,10209,10279,10072,10097,9376,12382,10240,10258,9187,9529,10244,9240,12144,9263,9259,10033,9435,12793,10213,10182,10253,9362,9940,9156,13440,9293,12319,12276,10496,11893,10219,10238,10122,9301,10260,10073,8910,9253,9127,9987,10307,12172,10178,10056,10050,13408,10295,9936,10184,13089,10168,12480,9839,13225,10200,10083,9919,9657,10289,12131,10173,10124,10054,10048,10139,10198,10162,10277,10067,10204,10293,12066,10080,10171,10129,10059,10090,10159,10117,10258,10175,10124,10232,10268,10254,10235,10276,10098,10164,10011,10097,10239,10159,10268
6:39:15,37,9899,9929,9993,10059,9846,9881,9198,12326,10010,10038,8994,9356,10041,9017,12048,9074,9081,9815,9281,12936,9963,9971,10040,9189,9755,8990,13434,9091,12262,12208,10279,11916,9990,10024,9940,9141,10047,9849,8724,9079,8964,9802,10120,12269,9987,9844,9824,13578,10098,9726,9989,13175,10178,12560,9644,13171,10001,9916,9724,9474,10077,12064,9987,9929,9834,9853,9941,9991,9949,10054,9855,9995,10107,11999,9897,10005,9916,9852,9880,9969,9915,10067,9970,9949,10042,10085,10043,10055,10057,9909,9966,9861,9924,10039,9945,10075
6:49:15,37,10293,10322,10370,10449,10236,10278,9558,12820,10393,10399,9342,9693,10410,9376,12491,9406,9412,10162,9590,13675,10366,10343,10435,9522,10095,9298,13921,9433,12728,12654,10638,12438,10361,10395,10287,9463,10409,10183,9038,9404,9266,10162,10465,12826,10314,10183,10189,14244,10465,10017,10344,13724,10688,13147,9985,13791,10360,10251,10060,9802,10439,12506,10320,10266,10188,10182,10302,10349,10316,10428,10217,10341,10423,12409,10224,10325,10288,10186,10229,10304,10252,10399,10323,10260,10370,10419,10385,10409,10395,10228,10284,10161,10249,10375,10293,10406
6:59:15,37,10038,10063,10123,10180,9947,9993,9337,12710,10126,10153,9123,9473,10171,9155,12354,9202,9201,9867,9397,13909,10109,10084,10169,9309,9845,9084,13832,9219,12630,12558,10394,12447,10126,10134,10067,9261,10185,9919,8842,9178,9076,9912,10240,12915,10090,9953,9956,14335,10225,9734,10105,13723,10718,13224,9760,13796,10129,10009,9832,9595,10205,12408,10101,10034,9960,9970,10065,10126,10070,10194,9987,10129,10220,12286,10002,10086,10053,9964,10012,10071,10045,10178,10086,10033,10163,10183,10165,10188,10179,10033,10084,9948,10044,10146,10084,10182
7:09:15,37,9903,9920,9994,10067,9853,9890,9231,12705,10011,10039,9011,9382,10049,9052,12335,9114,9109,9747,9316,14242,9965,9965,10066,9228,9776,9005,13867,9130,12623,12580,10273,12642,10016,10020,9928,9172,10085,9756,8765,9103,8975,9803,10116,13090,9983,9859,9851,14519,10097,9548,9968,13801,10807,13368,9640,14153,10004,9895,9731,9495,10081,12406,9985,9927,9871,9856,9960,9997,9948,10089,9894,10007,10108,12299,9902,9995,9935,9853,9905,9963,9943,10065,9978,9943,10067,10104,10069,10074,10075,9903,9972,9860,9941,10045,9974,10091
7:19:15,37,10370,10396,10477,10541,10331,10366,9657,13265,10481,10498,9433,9809,10524,9485,12852,9513,9532,10178,9732,15066,10466,10425,10510,9650,10196,9417,14345,9533,13146,13085,10717,13376,10484,10479,10384,9582,10517,10169,9134,9512,9393,10267,10562,13791,10435,10327,10311,15205,10572,9947,10451,14393,11383,14018,10092,14783,10477,10361,10181,9914,10553,12944,10458,10386,10297,10307,10398,10480,10420,10542,10327,10455,10568,12805,10353,10471,10405,10334,10371,10415,10376,10563,10438,10410,10544,10560,10505,10524,10528,10372,10436,10325,10381,10522,10425,10543
7:29:15,37,10298,10341,10401,10482,10270,10273,9615,13302,10408,10439,9378,9769,10449,9421,12865,9461,9453,10091,9679,15356,10387,10361,10457,9588,10115,9364,14386,9482,13161,13147,10650,13683,10393,10404,10305,9513,10449,10055,9065,9442,9334,10173,10484,14027,10345,10219,10220,15332,10463,9781,10357,14392,11461,14186,10014,14806,10383,10261,10084,9834,10450,12910,10359,10296,10219,10205,10306,10354,10317,10459,10248,10363,10474,12776,10253,10362,10274,10212,10251,10322,10289,10435,10340,10297,10412,10447,10417,10446,10419,10251,10335,10203,10293,10422,10313,10425
7:39:15,37,10162,10202,10255,10326,10099,10137,9488,13270,10265,10290,9243,9655,10304,9331,12824,9344,9343,9896,9565,15583,10251,10229,10314,9459,9992,9227,14318,9371,13161,13144,10527,13973,10260,10262,10183,9407,10307,9880,8949,9344,9195,10046,10358,14287,10219,10082,10086,15414,10337,9609,10225,14415,11518,14375,9847,14963,10240,10159,9962,9718,10330,12906,10214,10142,10070,10091,10176,10247,10181,10305,10096,10237,10331,12732,10088,10198,10171,10083,10117,10185,10142,10286,10210,10159,10279,10303,10250,10280,10316,10121,10190,10065,10130,10277,10191,10286
7:49:15,36.9,10302,10344,10418,10479,10244,10281,9621,13529,10430,10441,9363,9777,10427,9429,13030,9471,9471,9974,9711,16013,10384,10374,10439,9598,10117,9349,14519,9512,13384,13331,10630,14493,10411,10410,10313,9538,10457,9985,9070,9445,9329,10170,10484,14816,10345,10217,10205,15715,10482,9662,10365,14624,11777,14795,10009,15266,10378,10259,10094,9822,10457,13105,10348,10309,10214,10229,10294,10372,10318,10445,10243,10380,10457,12947,10255,10361,10302,10212,10255,10322,10279,10417,10335,10283,10404,10447,10430,10434,10428,10254,10343,10196,10286,10407,10325,10416
7:59:15,37,10193,10212,10283,10370,10154,10182,9532,13509,10310,10337,9277,9700,10332,9336,13034,9390,9369,9844,9644,16229,10283,10263,10328,9520,10037,9268,14481,9410,13400,13339,10545,14828,10282,10299,10198,9442,10350,9788,8987,9382,9251,10079,10389,15147,10228,10113,10133,15805,10397,9508,10259,14629,11822,14993,9913,15418,10278,10170,9973,9756,10354,13072,10258,10204,10121,10121,10192,10275,10226,10342,10160,10273,10373,12922,10159,10246,10199,10119,10175,10231,10202,10350,10259,10201,10329,10368,10330,10342,10358,10179,10229,10119,10197,10326,10239,10342
8:09:15,37,10180,10221,10282,10328,10134,10174,9527,13595,10281,10311,9250,9676,10323,9325,13070,9386,9388,9779,9638,16442,10251,10255,10329,9503,10013,9263,14587,9418,13472,13432,10506,15145,10281,10298,10190,9464,10330,9720,8965,9368,9239,10073,10383,15582,10220,10090,10096,15898,10352,9486,10242,14713,11926,15255,9893,15558,10285,10157,9968,9720,10345,13161,10227,10144,10095,10099,10160,10254,10214,10330,10123,10258,10327,12956,10118,10241,10179,10086,10137,10210,10154,10290,10221,10166,10294,10322,10281,10296,10318,10135,10215,10079,10163,10272,10216,10326
8:19:15,37,10182,10224,10270,10341,10112,10139,9519,13698,10297,10315,9259,9663,10300,9322,13139,9374,9374,9729,9644,16662,10242,10228,10307,9497,10016,9267,14614,9415,13550,13499,10490,15477,10274,10291,10203,9445,10326,9650,8986,9353,9234,10060,10381,16015,10211,10105,10101,16005,10353,9475,10219,14832,12083,15549,9895,15715,10249,10144,9971,9743,10347,13196,10241,10179,10090,10104,10165,10263,10207,10329,10130,10252,10337,13030,10135,10222,10172,10100,10132,10202,10136,10293,10217,10176,10296,10308,10278,10292,10318,10159,10196,10086,10147,10286,10219,10318
8:29:15,37,10286,10316,10379,10471,10230,10269,9622,13874,10382,10426,9377,9802,10438,9438,13287,9480,9478,9776,9749,16990,10355,10317,10399,9623,10119,9371,14796,9505,13706,13696,10599,15871,10375,10390,10305,9545,10435,9677,9068,9485,9340,10175,10492,16502,10340,10223,10191,16225,10456,9594,10334,14984,12258,15866,9992,15922,10353,10260,10065,9825,10439,13395,10335,10269,10200,10206,10270,10359,10314,10438,10227,10361,10450,13196,10222,10345,10277,10214,10256,10297,10269,10412,10334,10281,10411,10440,10415,10418,10415,10230,10329,10204,10284,10396,10296,10425
8:39:15,37,10232,10243,10323,10389,10178,10201,9575,13907,10321,10346,9305,9748,10356,9382,13299,9420,9456,9692,9718,17110,10293,10276,10354,9574,10049,9323,14786,9450,13753,13712,10529,16122,10338,10330,10240,9490,10374,9552,9013,9420,9287,10103,10425,16823,10269,10151,10150,16280,10405,9521,10277,15001,12319,16018,9939,15981,10301,10194,9999,9772,10390,13407,10284,10223,10143,10128,10198,10296,10249,10371,10179,10286,10394,13204,10159,10284,10246,10139,10179,10259,10198,10356,10280,10237,10330,10378,10339,10357,10358,10183,10262,10129,10201,10321,10264,10372
8:49:15,37,10207,10238,10303,10360,10138,10157,9548,13911,10303,10328,9280,9721,10338,9395,13335,9412,9412,9640,9719,17329,10262,10246,10321,9534,10021,9272,14828,9422,13811,13750,10494,16348,10279,10287,10188,9477,10333,9470,8991,9399,9258,10071,10389,17108,10255,10108,10101,16330,10349,9517,10221,15058,12403,16158,9902,15986,10262,10156,9983,9752,10347,13437,10240,10188,10102,10110,10157,10252,10217,10332,10147,10271,10347,13239,10151,10250,10195,10124,10149,10213,10169,10308,10232,10196,10291,10354,10313,10325,10325,10168,10245,10080,10167,10292,10224,10327
8:59:15,37,10146,10162,10225,10304,10086,10118,9515,13989,10238,10286,9239,9686,10273,9327,13338,9368,9359,9616,9694,17447,10211,10179,10272,9518,9983,9259,14819,9390,13852,13791,10448,16538,10242,10254,10138,9433,10295,9390,8964,9380,9239,10022,10331,17363,10207,10072,10069,16407,10328,9525,10211,15100,12451,16277,9855,15995,10221,10127,9942,9693,10327,13486,10221,10138,10051,10059,10116,10218,10177,10295,10088,10213,10298,13236,10101,10192,10158,10083,10109,10173,10128,10283,10202,10164,10283,10309,10258,10271,10277,10119,10195,10068,10140,10264,10174,10297
9:09:15,37,10418,10450,10522,10577,10353,10387,9764,14331,10521,10545,9492,9928,10546,9565,13631,9598,9620,9835,9942,17879,10478,10470,10546,9716,10211,9479,15116,9622,14170,14113,10664,16960,10507,10523,10403,9682,10541,9584,9181,9612,9477,10286,10619,17882,10452,10326,10323,16725,10588,9804,10453,15426,12800,16650,10094,16336,10476,10388,10190,9931,10578,13782,10451,10386,10319,10339,10358,10486,10426,10551,10339,10459,10570,13554,10356,10455,10391,10332,10366,10427,10381,10528,10432,10407,10529,10578,10532,10538,10533,10385,10427,10285,10388,10514,10448,10531
9:19:15,37,10019,10035,10129,10173,9968,9992,9413,14039,10112,10150,9158,9567,10136,9228,13383,9290,9277,9482,9601,17741,10087,10078,10149,9403,9835,9165,14863,9296,13885,13822,10275,16834,10110,10137,10034,9349,10196,9214,8854,9280,9136,9905,10223,17816,10108,9966,9945,16486,10209,9501,10074,15169,12606,16463,9746,16220,10100,10007,9831,9597,10195,13530,10091,10008,9936,9967,9973,10117,10066,10164,9981,10103,10202,13275,9977,10102,10043,9978,10011,10057,10012,10184,10078,10054,10183,10196,10141,10168,10161,10031,10096,9976,10029,10149,10055,10172
9:29:15,37,10488,10546,10622,10683,10453,10492,9853,14569,10647,10635,9586,10033,10651,9662,13851,9706,9699,9932,10032,18331,10589,10557,10625,9827,10329,9574,15332,9731,14379,14341,10725,17416,10617,10616,10514,9766,10656,9619,9260,9686,9553,10367,10695,18449,10559,10426,10420,16968,10697,9961,10529,15672,13103,17026,10200,16621,10574,10456,10283,10026,10656,13998,10564,10488,10413,10422,10421,10582,10532,10651,10411,10559,10649,13743,10451,10562,10511,10418,10445,10525,10499,10634,10550,10517,10627,10642,10608,10620,10632,10469,10545,10416,10478,10619,10529,10642
9:39:15,37,10294,10339,10400,10457,10257,10297,9670,14440,10414,10438,9388,9846,10464,9482,13716,9526,9541,9807,9877,18298,10380,10362,10438,9655,10123,9420,15173,9548,14256,14198,10527,17462,10391,10421,10312,9603,10450,9442,9094,9517,9384,10176,10493,18491,10360,10220,10216,16919,10481,9877,10328,15536,13007,16967,10014,16329,10373,10264,10078,9842,10448,13901,10356,10288,10205,10215,10209,10355,10308,10445,10240,10377,10443,13600,10237,10339,10287,10199,10222,10316,10269,10425,10348,10287,10412,10439,10391,10419,10415,10265,10318,10202,10267,10391,10321,10436
9:49:15,37,10009,10033,10123,10178,9959,9983,9426,14250,10128,10155,9132,9575,10160,9241,13514,9273,9293,9583,9623,18206,10088,10071,10135,9414,9859,9153,14986,9313,14083,13996,10240,17352,10110,10115,10030,9366,10172,9160,8843,9273,9146,9902,10223,18472,10065,9937,9949,16743,10200,9726,10052,15363,12842,16740,9759,16185,10097,9986,9813,9588,10198,13712,10073,10014,9931,9943,9909,10090,10048,10167,9974,10094,10193,13439,10003,10070,10027,9975,9978,10070,10019,10161,10066,10025,10167,10201,10152,10170,10177,10000,10064,9957,10055,10151,10078,10190
9:59:15,37,10523,10568,10643,10703,10453,10518,9889,14749,10643,10659,9594,10084,10666,9662,13995,9728,9721,10063,10071,18819,10581,10567,10631,9861,10331,9590,15508,9736,14594,14524,10700,17987,10602,10617,10511,9781,10637,9574,9282,9723,9576,10395,10686,19095,10571,10425,10420,17277,10685,10218,10565,15884,13371,17246,10208,16584,10600,10484,10301,10046,10687,14216,10569,10481,10412,10409,10371,10570,10550,10658,10435,10588,10676,13907,10445,10569,10501,10421,10468,10526,10493,10627,10552,10523,10618,10667,10627,10669,10651,10490,10546,10406,10489,10636,10552,10657
10:09:15,37,10348,10366,10464,10509,10279,10314,9724,14667,10474,10483,9435,9912,10496,9534,13888,9564,9564,9946,9925,18785,10427,10401,10463,9700,10165,9441,15387,9601,14481,14447,10494,18031,10440,10432,10331,9632,10462,9396,9116,9564,9430,10214,10545,19155,10369,10271,10265,17189,10514,10154,10377,15797,13295,17153,10026,16441,10401,10301,10132,9897,10507,14077,10377,10318,10261,10247,10169,10400,10348,10465,10268,10409,10504,13792,10273,10367,10314,10244,10277,10356,10326,10474,10376,10307,10470,10482,10450,10472,10461,10276,10360,10242,10322,10444,10371,10467
10:19:15,37,10212,10216,10309,10370,10159,10196,9617,14618,10302,10331,9323,9805,10346,9418,13837,9480,9482,9888,9824,18810,10301,10255,10339,9609,10046,9345,15310,9491,14409,14399,10345,18049,10306,10319,10223,9538,10345,9292,9028,9473,9332,10105,10411,19189,10280,10130,10130,17151,10365,10146,10273,15748,13279,17107,9922,16382,10293,10189,10018,9761,10393,14059,10286,10192,10113,10128,10031,10287,10231,10353,10173,10279,10374,13739,10178,10288,10221,10149,10198,10244,10224,10359,10266,10237,10355,10388,10345,10363,10365,10189,10274,10153,10216,10335,10273,10366
10:29:15,37,10444,10478,10550,10621,10395,10436,9821,14867,10565,10599,9526,10011,10577,9606,14092,9668,9673,10113,10030,19136,10532,10495,10576,9792,10262,9544,15583,9693,14677,14645,10541,18413,10536,10565,10463,9740,10569,9502,9227,9666,9513,10307,10612,19580,10487,10362,10345,17420,10606,10424,10466,16001,13560,17367,10124,16580,10511,10410,10222,9970,10606,14319,10474,10422,10335,10337,10218,10495,10462,10566,10371,10529,10598,13969,10374,10497,10418,10342,10383,10456,10414,10575,10495,10431,10552,10588,10549,10579,10562,10387,10479,10362,10423,10558,10461,10567
10:39:15,37,10170,10194,10287,10332,10100,10154,9567,14704,10297,10295,9266,9765,10301,9390,13901,9443,9420,9933,9798,19049,10235,10201,10290,9577,9999,9304,15441,9475,14516,14465,10247,18356,10264,10266,10174,9506,10323,9268,8983,9419,9307,10045,10351,19513,10232,10095,10101,17302,10329,10304,10208,15862,13382,17242,9878,16380,10241,10143,9945,9739,10339,14145,10220,10157,10091,10081,9923,10226,10194,10314,10103,10260,10344,13828,10146,10228,10188,10098,10126,10221,10162,10311,10217,10186,10325,10352,10306,10323,10306,10151,10217,10098,10207,10284,10215,10324
10:49:15,37,10322,10356,10426,10493,10287,10311,9724,14923,10429,10468,9417,9910,10458,9512,14061,9584,9570,10134,9964,19334,10384,10351,10444,9713,10143,9442,15609,9599,14706,14659,10341,18630,10425,10418,10319,9645,10472,9396,9108,9574,9430,10206,10510,19836,10378,10236,10227,17488,10486,10579,10351,16078,13599,17407,10030,16537,10390,10299,10108,9884,10478,14324,10355,10297,10228,10229,10050,10371,10337,10437,10250,10403,10496,14000,10271,10365,10301,10247,10275,10342,10288,10458,10354,10313,10452,10493,10455,10468,10480,10292,10345,10226,10320,10446,10348,10451
10:59:15,37,10036,10056,10136,10194,9987,10046,9471,14700,10135,10156,9184,9665,10166,9270,13883,9339,9327,9916,9720,19211,10096,10096,10170,9461,9875,9207,15386,9359,14507,14485,10065,18510,10143,10145,10044,9413,10186,9144,8885,9335,9212,9949,10246,19746,10084,9963,9974,17324,10232,10476,10095,15901,13448,17229,9784,16290,10139,10001,9822,9613,10204,14173,10110,10054,9968,9963,9754,10139,10065,10202,9996,10118,10238,13804,10010,10136,10069,9977,10025,10055,10056,10186,10115,10069,10208,10224,10205,10199,10206,10022,10114,9976,10086,10183,10106,10207
11:09:15,37,10349,10383,10471,10504,10295,10323,9763,15068,10483,10483,9442,9944,10493,9563,14242,9632,9629,10277,9985,19615,10438,10427,10489,9768,10163,9481,15718,9628,14864,14770,10283,18885,10455,10470,10349,9685,10493,9443,9154,9584,9447,10221,10531,20178,10402,10266,10270,17662,10530,10900,10360,16247,13795,17558,10068,16626,10419,10318,10125,9902,10524,14465,10379,10333,10266,10282,10035,10418,10352,10490,10288,10426,10521,14082,10299,10387,10344,10267,10305,10371,10327,10465,10394,10351,10461,10506,10479,10482,10533,10318,10379,10247,10336,10474,10395,10484
11:19:15,37,9998,10009,10072,10146,9933,9958,9431,14778,10100,10099,9118,9624,10105,9226,13951,9313,9300,9994,9679,19395,10060,10046,10118,9441,9829,9166,15483,9332,14588,14531,9894,18728,10084,10103,9997,9381,10128,9111,8851,9275,9167,9863,10209,20032,10048,9920,9925,17409,10169,10794,10040,16010,13565,17308,9728,16347,10081,9985,9808,9589,10177,14217,10048,9974,9923,9941,9691,10075,10016,10135,9947,10064,10175,13827,9964,10044,10018,9935,9992,10050,10010,10151,10064,10020,10142,10157,10126,10182,10177,10015,10060,9927,10027,10144,10077,10192
11:29:15,37,9989,10015,10083,10137,9943,9962,9445,14810,10094,10116,9138,9641,10129,9256,13988,9283,9292,10082,9714,19567,10064,10038,10115,9453,9830,9163,15509,9329,14629,14617,9886,18871,10082,10084,10017,9396,10145,9085,8849,9296,9173,9910,10213,20212,10051,9929,9917,17540,10191,11020,10026,16063,13618,17366,9737,16420,10086,9967,9799,9580,10166,14272,10060,10004,9926,9917,9628,10076,10039,10156,9957,10099,10170,13888,9964,10078,10023,9936,9966,10040,10003,10132,10069,10021,10152,10190,10134,10155,10147,9991,10079,9956,10031,10145,10064,10177
11:39:15,37,10057,10077,10166,10226,10022,10051,9527,14926,10162,10178,9191,9701,10196,9303,14083,9381,9376,10215,9756,19722,10132,10122,10213,9539,9906,9253,15637,9398,14734,14663,9902,19055,10157,10174,10081,9442,10205,9175,8894,9351,9216,9976,10266,20406,10116,9988,10005,17642,10246,11257,10099,16207,13735,17458,9801,16427,10134,10046,9874,9652,10225,14408,10138,10075,9986,9997,9687,10130,10100,10200,10013,10155,10261,13973,10029,10136,10077,9969,10033,10099,10068,10202,10124,10081,10222,10245,10211,10237,10228,10044,10127,10026,10088,10205,10117,10235
11:49:15,37,9995,10012,10091,10152,9960,9972,9473,14934,10104,10114,9135,9647,10130,9267,14069,9325,9316,10242,9723,19771,10076,10052,10114,9464,9831,9201,15637,9361,14720,14653,9788,19107,10101,10103,10001,9400,10177,9103,8843,9301,9186,9902,10218,20487,10079,9939,9928,17734,10181,11371,10036,16225,13754,17489,9739,16399,10078,9971,9805,9586,10174,14393,10069,9989,9934,9927,9612,10088,10033,10150,9949,10096,10174,13955,9975,10062,10008,9929,9995,10041,10015,10153,10073,10003,10163,10199,10169,10155,10176,10006,10068,9957,10042,10154,10075,10197
11:59:15,37,10149,10175,10259,10333,10117,10134,9598,15112,10264,10281,9274,9790,10294,9415,14242,9472,9447,10476,9879,20067,10234,10207,10279,9604,9983,9326,15829,9492,14930,14855,9899,19353,10248,10269,10175,9556,10320,9245,8988,9452,9305,10062,10372,20824,10217,10087,10099,17958,10361,11708,10190,16420,13961,17659,9909,16523,10242,10141,9966,9737,10332,14607,10232,10176,10071,10088,9719,10233,10194,10312,10122,10270,10332,14133,10119,10241,10175,10095,10153,10198,10179,10325,10242,10189,10335,10374,10308,10329,10317,10163,10242,10115,10180,10290,10210,10346
12:09:15,37,10410,10450,10527,10595,10380,10391,9856,15439,10524,10562,9539,10052,10571,9637,14545,9693,9689,10822,10086,20381,10489,10476,10540,9838,10243,9559,16124,9710,15193,15144,10083,19741,10514,10511,10415,9782,10548,9490,9223,9674,9560,10300,10602,21160,10463,10330,10348,18255,10590,12095,10466,16741,14239,17929,10136,16788,10490,10387,10192,9980,10588,14859,10472,10417,10339,10328,9943,10481,10470,10573,10345,10491,10594,14364,10368,10495,10427,10360,10398,10458,10406,10546,10476,10468,10549,10592,10542,10576,10593,10404,10487,10354,10425,10557,10460,10607
12:19:15,37,10236,10249,10335,10391,10186,10225,9684,15275,10354,10368,9366,9882,10381,9467,14423,9553,9544,10814,9940,20344,10305,10284,10367,9680,10080,9424,16025,9565,15079,15023,9890,19678,10339,10344,10235,9632,10376,9315,9056,9537,9379,10125,10434,21153,10294,10161,10163,18261,10399,12050,10285,16694,14146,17852,9967,16691,10288,10206,10038,9815,10383,14755,10287,10215,10146,10178,9753,10290,10263,10365,10173,10333,10424,14249,10184,10298,10256,10176,10207,10268,10241,10386,10295,10260,10383,10426,10381,10403,10399,10230,10300,10178,10268,10385,10292,10414
12:29:15,37,10102,10104,10197,10260,10030,10076,9569,15199,10191,10209,9223,9763,10220,9362,14328,9432,9416,10867,9824,20337,10171,10137,10219,9549,9936,9296,15956,9443,15012,14939,9746,19649,10196,10189,10116,9505,10248,9228,8941,9426,9281,10000,10319,21147,10150,10013,10029,18226,10277,12048,10139,16645,14064,17803,9835,16527,10176,10083,9897,9675,10257,14681,10150,10109,10022,10007,9609,10165,10139,10250,10047,10186,10268,14163,10070,10171,10111,10043,10081,10148,10115,10257,10167,10135,10270,10309,10241,10274,10274,10096,10182,10042,10135,10241,10163,10284
12:39:15,37,10606,10636,10734,10792,10567,10595,10025,15710,10744,10765,9693,10220,10746,9824,14825,9874,9858,11484,10295,20903,10688,10650,10720,10014,10415,9741,16451,9883,15512,15402,10216,20217,10686,10693,10596,9947,10738,9664,9370,9867,9724,10499,10774,21728,10659,10508,10517,18736,10766,12629,10638,17133,14545,18285,10314,17121,10681,10572,10371,10141,10773,15176,10634,10571,10501,10516,10041,10669,10626,10748,10524,10679,10769,14651,10523,10650,10591,10514,10584,10651,10587,10723,10625,10600,10719,10777,10730,10733,10741,10559,10643,10529,10588,10740,10639,10773
12:49:15,37,10451,10459,10547,10607,10382,10403,9857,15542,10561,10587,9537,10056,10574,9664,14712,9738,9729,11476,10151,20837,10506,10489,10564,9883,10265,9573,16384,9760,15407,15311,10061,20154,10533,10527,10451,9810,10573,9531,9241,9706,9579,10348,10636,21741,10487,10347,10351,18702,10607,12601,10485,16983,14472,18171,10169,16794,10514,10432,10221,9990,10596,15088,10496,10449,10357,10354,9868,10531,10464,10592,10376,10530,10613,14528,10387,10501,10436,10374,10411,10458,10412,10573,10508,10446,10581,10623,10569,10600,10621,10432,10497,10353,10459,10551,10487,10615
12:59:15,37,10194,10191,10301,10345,10110,10155,9634,15406,10274,10295,9297,9847,10305,9439,14501,9499,9491,11394,9917,20679,10244,10209,10297,9649,10024,9352,16167,9514,15198,15103,9838,20058,10267,10271,10168,9577,10321,9308,9012,9481,9344,10067,10387,21620,10238,10098,10090,18509,10339,12442,10190,16812,14288,18089,9895,16605,10240,10125,9977,9760,10319,14859,10221,10161,10090,10101,9599,10227,10195,10293,10107,10266,10362,14333,10122,10212,10175,10096,10135,10211,10165,10302,10213,10173,10312,10353,10301,10326,10327,10184,10227,10119,10204,10303,10208,10336
13:09:15,37,10478,10497,10579,10630,10414,10454,9913,15698,10604,10601,9566,10100,10589,9706,14815,9789,9775,11794,10169,21046,10524,10533,10594,9922,10279,9609,16473,9785,15492,15404,10094,20410,10556,10571,10465,9848,10617,9563,9249,9746,9600,10329,10657,22005,10512,10373,10388,18834,10643,12832,10493,17136,14596,18541,10175,17011,10519,10429,10243,10033,10642,15163,10499,10438,10361,10378,9853,10537,10494,10571,10385,10556,10621,14633,10403,10501,10444,10367,10428,10484,10441,10585,10507,10452,10588,10638,10595,10596,10627,10437,10511,10361,10473,10562,10519,10616
13:19:15,37,10137,10137,10211,10269,10048,10085,9598,15434,10231,10245,9247,9801,10234,9390,14551,9474,9450,11623,9864,20821,10185,10169,10239,9604,9941,9302,16205,9498,15254,15156,9808,20167,10199,10205,10119,9529,10257,9259,8960,9438,9316,10012,10321,21876,10174,10013,10043,18595,10295,12614,10145,16888,14312,18242,9854,16623,10213,10085,9927,9698,10269,14934,10183,10115,10031,10035,9499,10204,10151,10243,10060,10188,10309,14347,10068,10192,10138,10036,10093,10156,10109,10259,10182,10152,10290,10301,10271,10282,10283,10126,10176,10054,10132,10242,10172,10312
13:29:15,37,10014,10006,10093,10147,9948,9966,9500,15353,10106,10126,9133,9684,10103,9272,14461,9367,9357,11602,9791,20823,10051,10056,10105,9500,9825,9221,16161,9384,15158,15124,9720,20179,10097,10103,10019,9431,10154,9192,8868,9374,9202,9883,10221,21897,10051,9908,9923,18530,10168,12592,10032,16834,14267,18170,9718,16499,10064,9961,9809,9595,10169,14845,10049,9993,9911,9932,9386,10087,10025,10129,9943,10103,10192,14284,9978,10056,10007,9933,9978,10050,10023,10151,10057,10036,10148,10182,10149,10165,10187,10010,10074,9951,10025,10155,10086,10173
13:39:15,37,10382,10404,10470,10551,10322,10360,9846,15719,10485,10494,9476,10054,10493,9621,14840,9687,9690,12034,10123,21218,10431,10425,10498,9861,10193,9557,16534,9729,15552,15487,10074,20577,10473,10468,10359,9779,10521,9504,9191,9691,9524,10258,10569,22356,10443,10297,10270,18907,10541,13019,10399,17255,14636,18468,10086,16904,10436,10352,10153,9948,10526,15201,10429,10368,10278,10279,9706,10449,10402,10514,10317,10449,10545,14602,10334,10427,10370,10311,10339,10414,10352,10522,10423,10398,10531,10569,10509,10537,10527,10369,10431,10310,10406,10500,10416,10546
13:49:15,37,10413,10432,10523,10581,10360,10380,9865,15750,10555,10544,9521,10087,10537,9655,14910,9734,9705,12177,10136,21317,10477,10444,10519,9891,10211,9570,16614,9746,15617,15534,10141,20694,10495,10495,10404,9821,10544,9547,9199,9706,9565,10294,10593,22499,10448,10313,10318,18952,10593,13117,10425,17306,14696,18503,10109,16945,10473,10370,10189,9945,10554,15273,10455,10378,10302,10314,9703,10458,10432,10542,10349,10489,10584,14691,10381,10454,10395,10338,10343,10417,10386,10536,10473,10439,10571,10592,10538,10568,10556,10399,10480,10336,10423,10530,10460,10592
13:59:15,37,10448,10492,10566,10608,10385,10458,9915,15851,10583,10594,9552,10122,10591,9701,14946,9794,9765,12307,10201,21477,10525,10505,10590,9925,10255,9626,16719,9799,15696,15634,10213,20817,10556,10534,10458,9838,10586,9594,9232,9752,9612,10359,10650,22686,10512,10361,10357,19084,10638,13245,10467,17409,14789,18710,10152,17171,10522,10411,10225,10020,10609,15333,10488,10456,10350,10345,9746,10504,10460,10593,10394,10547,10616,14751,10400,10505,10462,10365,10385,10477,10439,10590,10500,10467,10607,10627,10570,10601,10598,10425,10512,10382,10457,10564,10487,10622
14:09:15,37,10354,10375,10482,10535,10325,10348,9823,15767,10481,10499,9489,10054,10514,9639,14924,9716,9676,12288,10127,21520,10434,10406,10487,9846,10186,9552,16683,9749,15684,15589,10165,20849,10443,10467,10354,9769,10509,9514,9186,9675,9524,10270,10570,22737,10405,10272,10255,19044,10538,13260,10401,17376,14732,18713,10095,17026,10443,10338,10179,9926,10529,15334,10416,10352,10279,10264,9639,10441,10389,10491,10305,10432,10542,14703,10324,10428,10384,10311,10328,10402,10350,10522,10446,10392,10531,10562,10503,10537,10514,10370,10441,10301,10376,10497,10426,10551
14:19:15,37,10172,10186,10246,10331,10113,10157,9651,15603,10271,10298,9301,9883,10293,9462,14778,9527,9534,12217,9967,21403,10243,10212,10284,9669,10012,9384,16558,9543,15500,15433,10050,20760,10270,10253,10170,9608,10324,9369,9009,9526,9385,10070,10379,22657,10222,10071,10105,18911,10355,13191,10214,17280,14622,18624,9892,16881,10257,10161,9959,9764,10348,15203,10231,10168,10073,10071,9440,10235,10207,10325,10120,10256,10376,14569,10131,10237,10178,10110,10133,10232,10164,10306,10241,10209,10356,10354,10322,10330,10353,10193,10251,10105,10192,10307,10231,10380
14:29:15,37,10273,10288,10381,10434,10232,10263,9772,15731,10401,10400,9410,9990,10397,9548,14881,9642,9624,12393,10060,21541,10352,10317,10409,9777,10108,9474,16672,9632,15620,15542,10184,20919,10363,10371,10262,9712,10437,9471,9101,9602,9458,10154,10481,22832,10340,10177,10204,19017,10448,13343,10295,17392,14757,18713,10000,16962,10339,10226,10055,9857,10444,15331,10314,10266,10177,10186,9530,10333,10301,10407,10207,10362,10444,14662,10243,10318,10263,10187,10237,10302,10267,10400,10325,10273,10421,10456,10408,10437,10434,10241,10335,10222,10313,10404,10325,10447
14:39:15,37,10470,10468,10576,10644,10400,10445,9933,15895,10564,10600,9585,10155,10578,9713,15090,9800,9772,12598,10208,21793,10558,10499,10553,9936,10271,9639,16865,9818,15796,15758,10385,21177,10553,10559,10452,9901,10611,9625,9251,9766,9624,10360,10678,23127,10539,10371,10376,19255,10640,13614,10494,17616,14952,18951,10155,17264,10547,10430,10267,10023,10631,15531,10495,10429,10375,10369,9699,10525,10476,10618,10407,10556,10662,14870,10418,10535,10474,10392,10444,10486,10463,10607,10531,10481,10621,10647,10616,10635,10635,10457,10521,10395,10510,10599,10508,10647
14:49:15,37,10357,10367,10418,10503,10310,10327,9832,15882,10452,10478,9452,10061,10456,9617,14980,9708,9673,12574,10119,21749,10412,10403,10457,9842,10180,9525,16785,9718,15792,15688,10337,21163,10434,10427,10343,9766,10485,9531,9163,9665,9512,10218,10536,23142,10384,10243,10243,19251,10486,13528,10360,17547,14895,18877,10029,17095,10396,10295,10126,9905,10475,15421,10373,10300,10223,10228,9573,10408,10348,10458,10264,10419,10503,14776,10269,10369,10315,10264,10293,10354,10325,10446,10376,10335,10479,10495,10467,10482,10504,10310,10388,10252,10334,10459,10397,10509
14:59:15,37,10387,10356,10434,10508,10315,10339,9836,15895,10465,10470,9474,10084,10482,9605,15018,9719,9701,12680,10147,21847,10419,10413,10459,9874,10184,9555,16841,9732,15800,15723,10425,21239,10441,10438,10345,9784,10489,9529,9166,9702,9543,10270,10569,23259,10396,10267,10267,19285,10525,13635,10386,17732,14972,18923,10077,17191,10427,10322,10156,9917,10501,15521,10398,10341,10239,10261,9577,10414,10365,10483,10301,10430,10524,14823,10297,10433,10359,10271,10324,10382,10348,10497,10406,10368,10532,10523,10492,10506,10507,10353,10418,10286,10371,10472,10406,10534
15:09:15,37,10221,10233,10338,10417,10171,10213,9719,15795,10348,10366,9372,9964,10369,9520,14978,9611,9587,12603,10027,21823,10297,10267,10325,9758,10046,9424,16757,9619,15750,15674,10372,21209,10297,10299,10216,9689,10361,9435,9043,9586,9441,10122,10421,23225,10264,10143,10147,19190,10397,13587,10257,17682,14863,18812,9937,16993,10294,10189,10017,9816,10381,15410,10273,10222,10137,10128,9457,10295,10250,10357,10157,10318,10394,14726,10177,10296,10220,10142,10205,10243,10225,10357,10278,10235,10389,10414,10361,10404,10388,10230,10299,10187,10256,10376,10282,10404
15:19:15,36.9,10329,10337,10423,10473,10258,10298,9822,15885,10431,10447,9448,10035,10450,9594,15053,9682,9653,12756,10130,21947,10365,10332,10417,9826,10146,9528,16872,9681,15788,15737,10496,21308,10401,10393,10302,9747,10444,9524,9133,9655,9500,10176,10512,23404,10359,10210,10223,19178,10479,13711,10328,17826,14969,19012,10035,17031,10362,10279,10080,9876,10472,15515,10346,10271,10207,10220,9526,10365,10321,10435,10235,10402,10470,14835,10246,10350,10281,10204,10253,10330,10306,10435,10349,10317,10484,10487,10419,10469,10446,10298,10375,10236,10335,10440,10342,10458
15:29:15,37,10036,10023,10123,10193,9966,9996,9544,15644,10130,10157,9195,9783,10135,9325,14836,9435,9409,12568,9866,21771,10085,10070,10108,9579,9862,9270,16650,9448,15602,15535,10324,21131,10106,10120,10035,9528,10180,9287,8882,9412,9245,9918,10243,23236,10079,9933,9957,19017,10194,13524,10031,17754,14770,18789,9766,16976,10089,9981,9828,9639,10177,15296,10054,10006,9934,9943,9251,10080,10038,10160,9964,10124,10217,14618,9992,10063,10029,9954,10002,10056,10024,10168,10067,10049,10185,10217,10167,10223,10204,10034,10075,9981,10064,10180,10119,10211
15:39:15,37,10439,10412,10506,10561,10347,10382,9923,16024,10514,10535,9512,10156,10555,9680,15182,9784,9755,12947,10218,22169,10463,10448,10518,9931,10226,9617,17020,9797,15975,15921,10771,21576,10502,10486,10401,9846,10560,9601,9195,9739,9596,10306,10604,23671,10459,10305,10312,19458,10583,13931,10418,17982,15127,19110,10105,17160,10451,10370,10195,9985,10562,15655,10461,10385,10299,10311,9590,10465,10428,10515,10345,10478,10573,14959,10352,10450,10399,10329,10345,10431,10401,10523,10441,10430,10567,10592,10542,10561,10566,10404,10445,10346,10429,10521,10457,10578
15:49:15,37,10077,10076,10155,10221,10009,10071,9604,15714,10187,10179,9235,9824,10208,9389,14919,9510,9450,12693,9918,21964,10149,10117,10197,9649,9906,9323,16774,9521,15688,15596,10553,21338,10158,10163,10072,9573,10241,9331,8921,9460,9306,9974,10299,23459,10124,9980,9993,19205,10254,13746,10102,17778,14893,18754,9789,17003,10147,10042,9858,9679,10241,15359,10138,10070,9986,9991,9302,10136,10100,10196,10009,10167,10252,14704,10042,10137,10071,10011,10035,10095,10075,10211,10135,10110,10255,10276,10216,10242,10250,10091,10148,10044,10095,10201,10146,10242
15:59:15,36.9,10595,10579,10664,10757,10554,10572,10063,16251,10710,10718,9704,10308,10700,9847,15388,9930,9884,13217,10376,22440,10640,10613,10683,10068,10389,9763,17253,9959,16198,16099,11097,21817,10656,10662,10568,10026,10701,9755,9345,9892,9745,10452,10764,24026,10617,10452,10486,19720,10732,14247,10582,18327,15348,19191,10262,17464,10609,10527,10333,10113,10714,15876,10625,10548,10473,10466,9725,10620,10586,10699,10500,10665,10744,15131,10479,10609,10554,10473,10516,10569,10557,10692,10604,10567,10711,10747,10711,10693,10703,10536,10626,10493,10568,10682,10610,10729
16:09:15,37,10280,10264,10367,10423,10232,10253,9802,15980,10405,10388,9421,10033,10401,9576,15103,9676,9636,13007,10102,22261,10331,10312,10382,9819,10104,9515,17030,9690,15948,15853,10946,21656,10370,10377,10279,9742,10431,9519,9118,9665,9491,10179,10486,23830,10315,10173,10220,19464,10453,14036,10309,18141,15147,18987,10001,17169,10333,10255,10087,9852,10430,15639,10315,10251,10181,10168,9467,10344,10298,10415,10217,10368,10449,14924,10215,10338,10273,10195,10226,10310,10256,10408,10338,10308,10454,10461,10412,10428,10456,10277,10363,10231,10298,10411,10341,10467
16:19:15,37,10069,10028,10125,10197,9991,10014,9575,15749,10138,10153,9204,9832,10154,9376,14941,9465,9433,12844,9903,22096,10099,10072,10143,9614,9890,9316,16998,9465,15775,15678,10822,21486,10144,10132,10017,9551,10160,9313,8909,9443,9285,9932,10256,23707,10098,9943,9957,19299,10201,13871,10061,17957,14952,18816,9788,16890,10107,10002,9838,9647,10201,15456,10081,10032,9953,9973,9247,10086,10054,10176,9981,10150,10231,14750,10013,10096,10035,9958,10014,10067,10057,10175,10113,10063,10208,10233,10204,10233,10220,10054,10115,10016,10077,10193,10136,10233
16:29:15,37,10537,10524,10625,10694,10455,10501,10015,16227,10623,10650,9639,10247,10635,9787,15366,9896,9863,13302,10323,22564,10580,10566,10628,10049,10314,9720,17471,9932,16223,16128,11355,21964,10600,10618,10514,9959,10664,9717,9315,9851,9691,10381,10690,24186,10548,10403,10408,19697,10680,14355,10512,18277,15394,19262,10201,17362,10550,10469,10287,10069,10664,15906,10536,10491,10374,10398,9655,10574,10505,10616,10402,10595,10684,15154,10435,10531,10495,10404,10466,10526,10482,10618,10555,10532,10660,10670,10629,10639,10663,10488,10551,10418,10504,10625,10563,10700
16:39:15,37,10044,10007,10127,10177,9974,9990,9562,15786,10134,10169,9200,9829,10150,9360,14975,9451,9422,12927,9922,22201,10090,10054,10132,9628,9875,9289,16922,9474,15784,15712,11059,21604,10125,10109,10032,9534,10168,9332,8918,9462,9285,9929,10230,23878,10101,9949,9934,19311,10201,13942,10057,17977,15008,18898,9752,16914,10090,9998,9827,9630,10207,15496,10079,9996,9923,9959,9235,10079,10051,10161,9972,10132,10232,14756,9992,10087,10028,9959,10013,10078,10038,10181,10086,10052,10213,10237,10188,10205,10204,10034,10115,9989,10079,10191,10113,10225
16:49:15,36.9,10058,10011,10120,10180,9963,10014,9586,15810,10128,10154,9189,9822,10157,9374,14974,9493,9440,12968,9920,22230,10105,10077,10160,9620,9850,9301,16920,9498,15807,15750,11169,21657,10111,10125,10065,9559,10183,9316,8899,9446,9297,9933,10273,23944,10070,9943,9957,19344,10208,14012,10071,18008,15041,18904,9759,17002,10100,9991,9816,9635,10189,15534,10085,10021,9953,9931,9216,10094,10049,10177,9996,10127,10206,14775,9996,10095,10046,9959,10006,10092,10034,10187,10094,10059,10224,10245,10180,10213,10203,10044,10109,10023,10069,10183,10109,10225
16:59:15,37,10279,10233,10364,10411,10217,10259,9794,16051,10374,10399,9417,10034,10402,9596,15223,9682,9639,13246,10120,22528,10339,10292,10364,9839,10096,9518,17301,9676,16050,15992,11510,21931,10351,10355,10276,9772,10404,9517,9104,9650,9484,10165,10498,24239,10299,10164,10185,19580,10445,14257,10288,18178,15264,19132,9982,17161,10310,10227,10040,9851,10402,15730,10293,10239,10165,10173,9425,10309,10254,10379,10214,10344,10414,15010,10208,10296,10243,10173,10208,10282,10258,10380,10272,10272,10410,10433,10390,10425,10433,10253,10306,10212,10287,10399,10324,10438
17:09:15,37,10058,10013,10133,10194,9978,10028,9599,15861,10159,10166,9214,9819,10172,9401,15067,9482,9434,13068,9909,22389,10122,10082,10144,9640,9878,9314,17048,9522,15921,15821,11472,21818,10107,10142,10045,9581,10181,9335,8898,9456,9312,9949,10271,24180,10087,9951,9960,19449,10228,14132,10075,18046,15120,19001,9781,16984,10112,10016,9841,9656,10218,15613,10082,10022,9949,9950,9231,10097,10060,10182,9986,10122,10224,14811,9993,10097,10053,9986,10006,10083,10041,10175,10088,10082,10241,10232,10209,10215,10208,10049,10127,10012,10081,10187,10123,10238
17:19:15,37,10051,9996,10120,10188,9971,10010,9582,15867,10132,10151,9201,9836,10165,9378,15061,9473,9422,13097,9907,22433,10078,10049,10136,9628,9856,9292,17038,9498,15917,15839,11592,21854,10096,10112,10012,9577,10173,9324,8880,9439,9308,9926,10268,24238,10068,9941,9945,19491,10214,14139,10056,18087,15129,19042,9767,17051,10091,10005,9836,9644,10196,15597,10061,10007,9936,9939,9201,10087,10038,10155,9961,10131,10230,14848,9996,10080,10034,9971,10003,10059,10022,10149,10088,10065,10221,10212,10188,10211,10199,10041,10096,9989,10070,10176,10102,10229
17:29:15,36.9,10070,9989,10144,10188,9977,10000,9590,15897,10143,10151,9226,9840,10161,9378,15105,9496,9439,13157,9943,22496,10101,10071,10145,9639,9857,9325,17046,9507,15968,15859,11750,21936,10119,10139,10044,9572,10194,9352,8907,9451,9297,9923,10262,24303,10087,9957,9953,19530,10204,14205,10078,18132,15181,19081,9772,17061,10106,10009,9838,9642,10201,15662,10090,10004,9941,9959,9219,10105,10057,10166,9977,10127,10243,14852,9998,10096,10027,9981,10012,10071,10038,10164,10088,10070,10237,10240,10173,10222,10226,10054,10116,10009,10065,10193,10138,10248
17:39:15,37,10400,10331,10462,10528,10310,10345,9882,16184,10495,10506,9491,10124,10486,9668,15401,9787,9737,13484,10244,22827,10439,10425,10476,9928,10191,9584,17376,9805,16282,16169,12196,22241,10431,10454,10349,9851,10498,9610,9168,9749,9578,10242,10571,24665,10405,10252,10277,19807,10517,14523,10372,18419,15449,19378,10057,17336,10407,10319,10119,9946,10494,15946,10389,10323,10237,10256,9483,10402,10362,10458,10272,10425,10504,15155,10277,10366,10321,10259,10299,10363,10326,10449,10371,10358,10522,10519,10481,10498,10498,10332,10391,10264,10372,10471,10406,10534
17:49:15,37,10328,10242,10405,10460,10239,10278,9828,16107,10411,10430,9451,10109,10426,9617,15372,9747,9670,13464,10162,22822,10362,10326,10400,9864,10105,9531,17319,9733,16241,16133,12315,22238,10377,10393,10281,9803,10399,9574,9109,9693,9508,10165,10468,24650,10349,10185,10207,19782,10441,14503,10292,18416,15446,19360,9999,17365,10352,10247,10057,9860,10434,15887,10320,10255,10173,10173,9420,10331,10293,10410,10208,10363,10446,15078,10229,10320,10287,10215,10226,10304,10265,10406,10318,10302,10458,10457,10426,10417,10448,10279,10332,10238,10298,10411,10328,10469
17:59:15,37,10257,10171,10339,10371,10163,10224,9776,16070,10345,10357,9382,10038,10364,9555,15301,9684,9627,13467,10110,22763,10299,10266,10351,9830,10050,9486,17265,9690,16184,16112,12416,22207,10320,10304,10217,9740,10375,9529,9079,9643,9454,10113,10441,24673,10275,10140,10135,19749,10378,14478,10234,18393,15424,19337,9948,17278,10261,10191,10002,9805,10379,15871,10251,10180,10111,10122,9356,10277,10226,10354,10157,10307,10402,15084,10172,10273,10206,10139,10196,10250,10197,10337,10280,10238,10387,10399,10359,10383,10412,10220,10276,10162,10242,10365,10304,10416
18:09:15,37,10338,10224,10406,10471,10268,10305,9842,16164,10397,10440,9463,10106,10426,9641,15420,9726,9698,13555,10189,22915,10368,10329,10393,9865,10115,9552,17358,9735,16258,16174,12685,22345,10389,10386,10280,9803,10431,9571,9104,9698,9523,10202,10496,24801,10322,10196,10217,19831,10467,14588,10304,18550,15491,19387,10007,17432,10355,10246,10056,9882,10436,15917,10327,10247,10174,10200,9407,10333,10296,10410,10228,10384,10447,15124,10224,10317,10248,10167,10220,10285,10257,10421,10320,10284,10443,10448,10406,10445,10435,10250,10341,10218,10297,10403,10334,10455
18:19:15,37,10036,9905,10102,10158,9970,9985,9590,15868,10108,10131,9171,9823,10127,9366,15129,9478,9443,13365,9939,22670,10072,10056,10110,9635,9832,9292,17107,9507,16022,15927,12626,22138,10079,10090,10000,9544,10147,9347,8871,9446,9280,9901,10234,24612,10062,9932,9928,19586,10164,14360,10012,18309,15286,19171,9731,17079,10062,9970,9805,9627,10181,15744,10054,9976,9909,9914,9170,10080,10026,10106,9927,10100,10191,14914,9958,10048,10000,9950,9980,10041,9999,10129,10051,10029,10200,10207,10158,10187,10215,10032,10083,9964,10028,10170,10090,10220
18:29:15,37,10038,9927,10116,10158,9964,9984,9575,15889,10127,10150,9185,9847,10128,9366,15184,9490,9441,13427,9934,22682,10058,10050,10116,9628,9842,9293,17125,9500,16053,15932,12874,22174,10099,10083,10008,9557,10164,9342,8892,9463,9294,9903,10239,24682,10069,9924,9945,19522,10191,14348,10048,18272,15295,19196,9735,17102,10080,9991,9815,9631,10167,15768,10063,10009,9922,9934,9157,10094,10037,10150,9936,10101,10180,14911,9979,10063,10022,9937,9970,10033,10001,10143,10068,10042,10195,10213,10171,10186,10200,10025,10094,9984,10058,10148,10072,10209
